0,63,40,76,67,76,80,81,61,70,92,0,0,0,0,0,0,0,0,0,0,0,0,0,0,0,67,0,0,0,70,0,0,0,0,0,0,0,56,0,0,63,0,0,0,0,61,0,20,0,0,0,0,0,0,0,0,0,44,0,0,0,0,0,0,0,0,0,0,0,0,0,0,0,0,0,92,0,0,36,0,0,0,0,0,0,80,0,0,0,0,0,0,0,0,0,0,0,0,0,0,0,0,0,0,0,0,0,78,0,0,0,0,0,0,0,0,0,0,0,0,0,0,0,0,0,0,0,0,0,0,0,92,0,0,0,0,0,0,0,81,0,0,0,0,0,0,0,0,0
91,0,95,92,99,88,0,0,0,0,0,0,0,0,0,0,0,0,0,0,0,0,0,91,0,0,0,0,0,0,0,0,0,0,0,0,0,54,0,0,0,0,0,0,0,0,0,50,0,0,0,0,0,0,0,0,0,0,0,0,0,0,0,0,0,0,0,0,0,92,0,0,0,0,0,0,0,0,88,0,0,0,0,99,0,0,0,0,0,0,0,0,0,0,0,0,0,18,0,0,0,0,0,0,0,0,0,0,0,0,0,0,0,0,0,0,0,0,0,0,0,0,0,66,0,0,0,0,0,0,0,0,0,0,0,0,0,0,0,0,95,0,0,0,0,0,0,0,0,0
92,80,0,99,77,92,87,88,72,56,56,93,72,75,79,75,0,0,0,0,79,0,0,0,0,0,0,0,0,0,0,0,0,93,48,0,0,0,0,0,0,0,0,0,0,0,0,0,0,56,100,0,58,0,0,0,0,99,0,0,0,0,0,0,0,0,0,0,75,80,0,0,0,53,0,0,0,0,0,0,0,0,0,0,0,0,0,4,0,0,0,0,0,0,0,0,0,0,0,0,0,0,0,0,0,0,0,0,0,0,0,0,0,0,0,0,0,0,0,0,0,0,0,0,0,0,0,63,0,0,75,88,92,0,0,0,0,72,0,0,0,0,0,0,0,0,0,0,0,0
55,52,76,0,53,70,70,70,94,96,100,87,63,63,87,63,93,0,0,0,0,0,0,56,68,0,96,52,0,0,42,0,0,0,0,0,0,0,0,0,0,0,0,94,0,0,0,93,0,0,0,0,70,0,0,0,0,0,0,0,0,0,0,0,0,0,0,0,0,0,0,0,0,0,55,0,0,0,0,76,0,0,0,0,0,0,0,0,0,0,0,0,0,0,0,0,0,0,0,0,0,0,4,0,0,0,0,0,0,0,82,0,0,0,52,0,53,0,0,0,0,0,0,0,0,0,0,0,0,100,0,0,0,0,0,0,0,0,0,0,0,63,2,46,0,0,0,0,0,68
95,69,72,89,0,53,69,59,100,0,0,0,53,0,0,0,68,0,0,0,0,0,34,0,0,0,0,0,0,0,0,0,0,0,0,0,0,0,72,0,0,0,0,0,0,0,0,0,0,0,0,0,100,0,0,0,0,0,0,0,0,70,0,0,0,0,0,0,0,0,0,0,18,0,0,0,0,0,0,0,0,0,0,0,0,0,0,0,0,0,0,0,0,0,0,0,0,0,0,0,0,0,0,0,0,0,0,0,59,0,0,0,0,0,0,0,0,0,0,0,0,0,0,0,0,0,0,0,0,0,0,0,0,0,0,0,52,0,0,64,0,0,0,0,0,0,0,0,6,0
60,93,58,80,64,0,94,79,68,89,60,92,100,92,58,70,90,0,0,0,0,0,0,0,0,0,80,0,0,0,0,0,0,0,0,0,0,0,66,0,0,0,0,0,0,0,0,0,0,0,0,0,0,0,84,0,0,0,0,0,94,0,0,0,0,0,0,0,92,0,0,0,0,0,64,0,0,0,78,0,0,0,0,0,0,0,89,0,0,0,0,0,0,0,0,0,0,14,0,0,0,0,0,0,0,48,0,0,0,0,0,0,36,34,0,0,84,0,0,0,0,0,90,0,0,93,0,0,0,0,0,0,0,0,79,0,0,0,0,0,0,0,0,0,0,0,20,0,0,0
93,77,94,94,51,68,0,85,90,91,70,0,0,0,0,0,0,0,0,0,0,96,0,0,0,0,0,0,68,0,0,0,0,0,0,0,0,0,0,0,0,0,0,77,0,0,0,0,0,0,0,0,0,0,0,0,88,0,0,0,0,0,0,70,0,0,0,0,0,0,51,0,0,0,0,0,0,0,0,0,0,0,0,0,0,0,76,0,0,0,98,0,0,0,0,0,0,0,0,0,0,0,0,0,0,0,0,0,0,91,0,0,0,0,0,0,54,0,0,0,0,0,0,90,0,0,0,0,0,0,0,0,0,0,0,0,85,0,0,0,93,0,0,0,0,0,0,0,0,0
58,94,92,88,75,100,86,0,86,55,0,0,0,0,0,0,90,0,0,0,0,88,0,0,0,0,0,0,0,0,55,0,0,0,0,0,0,0,0,0,0,0,0,0,0,0,0,0,0,0,0,22,0,0,0,0,0,0,0,0,0,0,0,0,0,0,0,0,0,0,0,0,0,0,0,0,0,0,0,0,48,0,0,0,0,0,0,58,0,0,0,92,0,0,0,0,0,0,0,0,0,0,0,0,0,0,0,0,0,0,0,0,0,0,0,0,0,0,22,0,0,0,0,0,0,0,0,0,0,0,0,0,0,94,0,0,0,0,0,0,0,0,0,0,0,75,0,0,0,0
89,71,91,93,68,88,0,0,0,0,0,0,0,61,0,0,0,0,0,0,0,0,0,0,0,0,0,8,0,0,0,0,0,0,0,0,0,0,0,0,0,0,0,0,0,0,0,0,0,0,0,0,0,0,0,6,0,0,0,0,0,0,0,0,0,63,0,0,0,0,0,89,0,0,0,0,0,58,0,0,0,0,0,0,0,0,0,0,0,0,0,0,0,0,0,0,0,0,0,0,0,0,96,0,0,0,0,0,0,0,0,68,0,0,0,0,0,0,71,0,0,0,0,88,0,0,0,0,0,0,0,0,0,0,78,0,0,0,0,0,0,0,0,0,0,0,0,0,0,0
87,75,96,99,87,73,0,0,0,0,73,0,0,0,0,87,0,0,0,96,0,0,0,0,0,0,0,0,0,0,0,0,0,0,2,0,0,0,0,0,0,0,0,98,0,0,0,0,0,0,0,64,0,0,0,0,44,0,0,48,0,0,50,0,0,0,0,0,0,0,0,0,0,0,0,0,0,0,0,0,0,0,87,0,0,0,0,0,0,0,0,0,0,0,0,0,0,0,75,0,0,0,0,0,0,0,0,0,40,0,0,0,0,0,66,0,0,0,0,0,0,0,0,0,0,0,0,0,0,0,99,0,0,0,0,0,0,0,0,0,0,0,0,0,0,0,0,0,0,0
71,90,75,74,63,75,89,91,52,98,0,82,98,52,0,0,0,0,0,0,0,0,0,0,0,0,0,0,0,0,0,0,0,0,75,0,0,0,89,0,0,0,0,0,0,0,0,82,34,0,0,0,0,0,0,0,0,0,0,0,0,0,0,0,0,0,0,0,0,64,0,0,0,0,0,0,0,0,0,0,0,0,0,0,60,0,0,0,0,0,0,0,0,0,0,0,0,0,74,0,0,0,0,0,0,24,0,71,0,0,0,0,0,0,0,0,0,66,0,0,72,90,0,0,91,0,0,75,0,0,0,0,0,0,0,0,0,0,0,0,0,0,0,0,0,0,0,63,0,48
99,68,52,81,72,87,0,0,0,0,0,0,0,0,0,0,0,0,0,0,0,0,0,0,0,0,0,0,0,0,0,0,0,0,0,0,0,0,0,0,0,0,52,0,0,68,0,0,0,0,0,0,0,0,81,0,0,0,0,0,0,0,0,10,0,0,0,0,94,0,0,0,87,0,0,0,0,0,0,70,0,0,0,0,0,0,0,0,0,0,0,0,0,0,0,0,0,12,0,0,0,0,0,0,99,0,0,0,0,0,0,0,0,0,0,0,0,0,0,0,0,0,0,0,0,0,0,0,0,0,0,0,72,0,0,0,0,0,0,0,0,0,0,0,0,0,0,0,0,0
61,71,60,82,93,79,0,0,66,0,0,0,0,0,0,0,0,0,0,0,0,0,0,0,0,0,0,0,0,0,0,0,93,0,60,0,0,0,0,0,0,0,0,0,0,0,61,0,0,0,0,0,0,0,0,0,0,0,0,72,0,50,0,0,0,0,0,0,0,0,24,0,0,0,0,0,0,0,0,0,0,0,0,0,0,0,60,0,0,0,71,0,0,0,0,0,0,0,0,0,0,0,0,0,0,82,0,0,0,16,0,0,0,79,0,0,0,0,0,0,0,0,0,0,0,0,0,0,0,0,0,0,0,0,70,0,0,0,0,0,0,0,0,0,0,0,0,0,0,0
82,79,64,51,51,65,64,65,98,74,53,54,74,0,59,93,77,0,0,0,0,0,0,0,0,0,0,0,95,0,0,0,0,0,54,0,0,0,0,0,0,0,0,0,0,0,0,0,0,0,0,0,0,0,0,0,0,0,79,0,0,0,0,0,20,0,59,0,0,0,0,0,0,0,0,0,0,0,0,0,0,0,0,0,0,0,0,0,0,0,0,0,0,65,0,0,0,0,0,77,53,0,0,0,0,0,0,0,0,0,96,0,0,0,0,98,0,0,0,0,0,14,92,0,0,0,0,0,0,0,30,0,0,0,0,93,0,0,0,0,52,0,0,0,0,0,0,0,0,0
87,56,71,71,69,92,95,98,94,95,52,72,0,0,0,0,0,0,0,0,0,0,0,0,94,0,0,0,0,0,0,0,0,0,0,0,0,0,0,0,0,0,0,0,0,0,0,0,0,69,0,0,56,0,0,0,0,0,0,0,0,0,0,0,0,90,64,0,0,0,18,0,0,0,0,0,0,0,0,0,0,0,0,52,0,0,0,0,0,0,0,0,0,0,0,0,0,0,0,0,0,0,0,0,0,0,0,0,0,0,0,0,0,0,0,0,0,32,0,0,0,0,0,0,0,0,0,0,0,94,0,0,0,0,0,0,0,0,0,0,87,24,0,0,0,0,0,0,72,0
85,78,93,93,85,60,73,86,94,0,0,0,0,0,0,0,0,0,0,0,0,90,0,0,0,0,0,0,88,0,0,0,0,78,0,0,0,78,0,0,0,0,0,0,0,0,0,0,0,0,0,0,0,0,72,0,0,0,0,0,0,0,0,0,0,0,0,0,0,0,0,0,0,0,0,0,0,0,0,60,0,6,0,60,0,0,0,0,57,0,92,0,0,94,0,0,68,0,0,0,0,0,0,0,86,0,57,0,0,0,0,0,0,0,0,0,0,0,0,0,0,0,0,0,0,0,0,0,73,0,0,0,0,0,0,0,0,0,0,0,0,0,0,0,0,0,0,0,0,0
91,82,98,86,79,53,64,79,71,52,100,52,87,0,0,0,0,94,0,0,0,0,0,0,92,0,87,0,0,0,0,0,0,86,100,91,0,0,71,0,0,0,0,0,0,0,0,0,0,0,0,0,0,0,0,0,0,0,0,0,0,0,0,0,0,0,0,0,0,0,0,0,0,0,0,0,0,53,0,0,54,0,0,0,0,0,12,0,0,64,0,0,0,0,0,0,98,0,0,0,0,80,0,0,34,0,0,0,0,0,0,0,0,0,0,0,0,0,0,0,0,0,0,0,0,0,0,0,0,0,0,0,0,0,0,0,0,82,0,0,0,0,0,0,0,0,0,0,0,0
94,51,94,66,66,94,55,82,90,0,0,0,0,94,0,0,0,0,0,0,0,0,0,0,0,0,0,0,0,0,0,0,0,0,0,0,0,0,0,0,0,36,0,0,55,0,0,0,0,72,0,0,0,0,0,0,0,0,0,0,0,0,82,0,0,0,0,0,0,0,0,0,0,0,0,0,0,0,0,0,0,0,0,0,0,51,0,42,0,0,0,0,0,0,0,0,0,0,0,0,0,0,0,94,0,0,44,0,0,0,0,60,0,0,0,0,0,0,0,0,0,0,0,0,0,0,0,0,94,0,0,0,0,0,0,6,0,0,0,0,0,0,0,0,0,0,0,0,0,0
74,60,64,64,96,75,56,57,99,93,84,60,98,73,0,0,0,0,0,73,0,0,0,0,0,0,0,0,0,0,0,0,0,96,0,4,0,0,99,0,0,60,0,0,0,0,0,0,0,0,0,0,0,0,0,68,58,0,0,0,0,0,0,0,0,64,0,0,0,0,0,0,0,0,0,0,0,74,0,0,56,0,0,0,0,0,0,0,0,60,0,0,0,0,64,0,0,14,84,0,0,0,0,0,0,0,0,0,0,0,0,28,0,56,0,75,0,98,0,0,0,0,0,0,0,93,0,0,0,0,0,0,0,0,0,0,0,0,0,0,0,0,0,0,0,0,0,0,57,0
89,92,99,84,80,91,100,75,91,63,90,89,100,91,0,0,0,0,0,0,0,0,0,0,0,0,0,0,0,0,0,0,0,0,0,0,0,0,0,28,0,0,0,0,0,0,0,0,0,0,0,84,0,0,0,0,0,0,0,0,0,0,0,0,0,0,84,0,0,0,0,0,0,100,0,0,0,0,0,0,0,0,0,0,78,0,0,0,0,0,0,0,0,0,100,0,0,0,90,38,0,0,0,0,0,0,0,0,0,0,0,0,0,0,0,0,0,0,0,0,0,0,92,0,0,0,0,0,0,0,0,80,0,0,0,0,0,0,0,0,36,90,0,0,63,0,80,0,99,0
98,99,63,63,52,77,62,84,62,82,89,90,0,0,0,0,0,0,0,0,0,0,0,0,0,0,0,0,0,0,0,0,0,0,0,0,0,74,0,0,0,0,0,0,0,0,0,0,0,0,0,0,0,0,0,0,0,0,0,0,0,0,0,0,0,0,0,0,0,0,0,0,0,0,0,0,0,0,0,0,0,0,0,0,0,0,0,0,0,88,0,0,0,0,0,0,0,0,0,0,0,0,0,0,0,0,0,0,0,0,0,0,60,69,0,0,0,0,0,0,0,0,0,0,0,0,0,0,52,62,0,62,0,0,0,0,82,98,77,0,0,0,0,0,89,84,0,0,0,0
84,73,98,94,73,54,85,90,57,100,0,0,0,0,0,0,0,0,0,0,0,0,0,0,0,0,100,0,0,0,0,0,0,0,0,0,0,0,0,0,85,0,0,0,0,0,0,0,0,0,0,0,0,0,0,90,0,0,0,0,36,0,0,0,0,0,73,0,0,94,0,0,0,0,0,0,0,0,0,0,0,0,0,68,0,0,0,0,0,0,0,0,0,0,0,0,0,0,0,0,0,0,0,0,0,89,0,0,0,0,0,0,44,0,0,0,0,0,0,0,0,0,57,0,98,0,0,0,0,0,0,0,0,0,0,0,0,0,0,0,0,0,80,0,0,0,0,0,0,0
88,67,88,81,73,98,54,63,60,98,67,81,0,0,0,0,0,0,0,0,0,0,0,0,0,0,14,0,0,0,0,0,0,0,90,0,0,0,0,0,0,0,0,0,0,0,0,0,54,0,0,0,63,0,0,0,0,0,0,0,0,0,0,0,0,0,0,0,0,0,0,0,0,0,0,0,0,0,0,73,0,0,0,0,0,0,0,0,0,0,0,0,0,0,0,67,0,0,0,0,0,0,6,0,0,0,0,0,0,0,0,0,0,60,0,0,0,0,0,67,0,0,0,0,0,0,0,0,0,0,0,0,0,0,0,0,0,0,0,0,0,0,0,0,0,0,0,0,0,0
55,51,99,57,86,69,0,0,0,0,0,0,0,0,0,57,0,0,0,0,0,0,0,0,0,0,0,0,0,0,0,0,0,0,0,0,44,0,0,0,0,0,0,0,0,0,0,0,0,0,0,0,0,98,0,0,0,0,0,0,0,0,0,0,0,0,0,0,0,0,0,0,0,0,51,0,0,0,0,0,0,0,0,0,55,2,0,0,0,0,0,0,0,64,0,0,0,0,0,0,0,0,0,0,0,0,86,0,0,0,0,0,0,0,24,0,0,0,0,0,0,0,0,0,0,0,0,0,0,99,0,8,0,0,0,0,0,0,0,0,0,0,0,0,0,0,0,0,0,69
75,92,92,96,73,96,82,76,100,90,0,0,0,0,0,0,0,28,0,0,0,0,0,0,0,0,0,0,88,0,0,0,76,0,0,0,0,0,0,0,0,0,0,0,0,0,0,0,0,0,0,0,0,0,0,0,0,0,0,0,100,0,0,0,0,0,82,0,0,0,72,0,0,0,0,0,0,0,0,22,0,0,0,0,75,0,0,0,46,0,0,0,0,0,0,0,0,0,0,72,0,0,0,0,0,0,0,0,0,0,0,0,0,0,0,73,0,0,0,52,0,0,92,0,0,0,76,0,0,0,0,0,0,92,0,0,0,98,0,0,0,0,0,0,0,0,0,0,0,0
99,92,90,86,90,88,74,91,97,97,100,71,83,0,0,0,66,90,0,0,91,18,0,0,0,0,0,0,0,0,0,0,0,0,44,0,99,0,48,0,0,0,0,0,52,0,0,0,0,71,0,0,0,0,0,0,22,0,0,0,0,86,0,0,0,0,0,0,0,40,0,0,0,0,0,0,0,0,0,58,0,0,0,78,0,0,0,0,0,0,0,0,0,66,0,0,0,0,0,0,0,0,0,80,0,0,0,0,0,0,0,0,86,0,0,0,0,0,74,0,0,0,83,0,0,0,0,0,0,0,0,88,0,0,0,0,100,0,97,0,0,0,0,0,0,0,0,59,0,0
69,59,91,78,72,92,86,53,53,80,65,0,0,0,0,0,0,0,0,0,86,0,0,0,0,0,0,0,0,0,0,0,6,0,0,0,0,0,0,0,0,0,0,0,0,0,0,65,0,0,0,0,0,0,0,0,92,0,0,0,78,0,0,58,0,0,0,0,0,0,0,0,80,0,0,0,91,0,0,0,0,0,0,0,0,0,0,0,0,0,0,0,0,0,59,0,0,0,0,0,0,0,0,0,0,0,0,0,0,0,0,0,0,0,0,0,0,0,0,0,0,0,0,0,0,0,48,0,42,69,0,18,0,0,0,0,0,0,32,0,0,0,0,0,0,0,0,0,0,0
92,87,53,52,98,91,83,0,0,0,56,53,0,0,91,0,0,0,0,0,0,0,0,70,0,0,0,0,0,0,0,0,0,0,0,0,92,0,0,0,0,0,0,10,0,0,0,0,87,0,0,0,0,0,0,0,0,0,0,0,0,0,0,0,0,0,0,0,0,0,0,0,0,0,0,0,0,0,0,0,0,0,0,0,0,0,0,0,0,0,0,0,0,0,0,0,0,0,0,0,83,0,0,86,58,0,0,0,0,0,12,0,0,0,10,0,0,0,0,0,0,0,0,0,0,50,0,0,0,0,0,0,0,0,0,54,0,0,0,0,98,96,0,0,0,0,0,0,52,0
97,85,65,78,59,0,0,0,0,0,59,0,0,0,0,0,0,0,0,78,44,0,0,0,0,0,0,0,0,59,0,0,0,0,0,0,0,0,0,0,0,0,10,0,0,0,0,0,0,0,0,0,0,0,0,0,0,0,0,0,0,0,0,0,0,0,0,0,0,0,0,0,0,0,0,0,0,54,0,0,0,0,0,0,0,0,0,0,84,78,0,0,0,52,0,0,0,0,0,0,0,0,0,0,0,0,0,0,0,0,0,0,0,0,0,0,0,0,0,0,0,0,0,0,0,0,0,85,0,65,0,0,0,0,0,0,0,0,50,0,0,0,0,0,0,0,0,0,0,0
96,65,75,57,0,0,0,0,0,0,0,0,0,0,0,0,0,0,0,0,0,78,0,0,0,0,0,0,0,0,0,0,0,0,0,0,0,0,0,0,28,0,0,0,0,0,0,0,0,0,0,0,0,0,0,0,0,0,0,0,0,0,0,0,0,0,2,0,0,0,0,0,0,0,0,40,0,0,0,0,0,96,0,0,0,0,0,0,0,0,0,0,0,0,0,0,0,0,0,0,0,0,65,0,0,0,0,0,0,0,0,68,0,0,0,0,0,0,75,0,0,0,57,0,0,0,0,76,0,0,0,0,0,0,0,0,0,0,0,0,0,52,0,0,0,0,0,0,0,0
99,96,99,87,77,88,98,68,68,82,80,95,73,65,83,83,62,0,0,73,0,0,0,0,0,0,0,14,0,76,0,0,0,0,0,0,0,0,0,0,0,0,72,0,0,0,0,0,0,0,0,0,0,0,0,0,0,0,0,0,0,0,0,0,0,0,0,0,58,0,0,0,0,0,0,0,0,0,0,0,0,0,0,0,0,0,0,65,68,0,77,0,0,0,0,0,88,0,0,0,0,0,0,0,0,0,0,0,0,0,0,0,0,65,0,0,0,0,0,0,0,0,0,0,0,0,56,0,0,0,0,0,0,0,0,0,0,0,0,0,0,0,0,0,0,0,99,0,0,80
86,54,93,56,91,72,80,62,100,0,0,0,0,0,0,0,0,0,0,0,0,0,30,0,0,0,0,62,0,0,0,0,0,80,0,0,0,0,0,0,0,0,0,0,0,0,0,0,0,0,0,0,0,62,0,0,0,0,0,0,0,0,0,0,0,0,0,0,0,0,0,56,0,0,0,0,0,0,0,0,0,0,0,0,54,0,0,12,0,100,48,0,0,0,86,0,0,0,0,0,62,0,72,0,93,0,0,0,0,0,0,0,0,0,0,0,0,0,0,0,0,0,0,0,0,0,0,0,0,0,0,0,0,0,0,0,0,0,0,0,0,0,0,0,0,0,0,91,0,0
98,86,90,100,86,98,94,83,84,100,68,94,58,0,0,0,0,0,0,0,0,0,0,0,0,0,58,0,0,0,0,0,0,0,0,0,0,0,0,0,0,0,0,0,0,0,0,0,0,0,0,0,0,0,0,0,0,0,0,0,0,14,100,0,0,0,0,0,0,0,0,0,0,0,0,0,68,0,0,0,0,76,14,0,0,98,0,0,0,42,0,0,0,0,0,0,0,81,0,0,0,94,0,0,0,0,75,0,0,0,0,0,0,0,0,0,0,0,0,0,0,0,0,0,0,0,0,0,0,0,0,0,0,0,0,94,0,85,0,0,0,84,0,0,0,0,0,0,0,0
95,58,96,96,93,55,58,52,88,58,73,0,6,0,78,0,0,0,0,0,0,0,0,95,0,0,0,0,0,0,0,93,0,0,0,88,0,66,0,0,0,0,0,73,0,0,0,0,82,0,0,0,0,0,0,0,52,0,0,0,0,0,0,0,0,30,0,0,0,0,0,0,0,0,0,0,0,0,0,0,0,0,0,0,0,0,0,0,0,0,0,0,0,0,0,0,0,0,0,0,58,0,0,0,0,0,0,0,0,0,62,0,0,0,0,0,0,0,0,0,0,0,0,0,0,0,0,0,0,0,0,0,0,0,0,0,0,8,0,0,0,0,0,0,0,84,0,55,0,0
87,92,98,96,87,83,100,86,32,72,99,0,0,0,0,0,0,0,0,0,0,0,0,0,40,0,99,0,0,0,0,0,0,0,0,0,0,0,0,0,0,0,0,0,0,0,0,0,0,0,0,79,0,0,0,26,0,0,0,0,0,0,0,0,0,0,51,0,0,0,0,0,0,0,0,0,0,72,0,0,0,0,0,0,0,0,0,0,0,0,0,0,0,96,0,0,0,0,0,0,0,0,0,0,87,0,0,0,0,100,0,0,0,0,86,87,0,0,0,0,0,0,73,100,0,0,32,0,0,0,0,0,0,0,0,0,0,0,0,0,0,0,0,0,0,0,0,0,0,0
98,93,94,96,100,80,80,56,0,0,0,0,0,0,0,18,0,0,0,0,0,0,0,0,0,0,0,0,0,0,0,0,0,0,0,0,0,0,0,38,98,0,0,0,0,0,0,0,80,0,0,0,0,0,0,0,0,0,0,93,0,0,0,24,0,0,0,0,0,0,0,0,0,0,0,0,0,0,0,0,0,0,0,0,0,0,0,0,0,90,0,0,0,0,0,0,0,0,0,0,80,0,0,0,0,0,0,0,0,0,0,0,0,0,0,0,0,0,0,0,0,0,0,0,96,0,0,0,4,94,0,30,0,56,56,0,0,100,0,0,0,0,0,0,0,0,0,0,0,0
68,99,99,100,99,68,87,79,71,88,65,0,0,0,0,0,0,0,0,0,0,0,0,0,0,0,0,0,0,0,99,0,0,0,0,0,0,60,40,0,0,0,0,0,0,0,0,0,0,0,0,0,0,0,2,100,0,0,0,0,0,0,0,0,0,0,0,0,0,71,0,4,0,0,0,0,0,0,0,0,0,0,0,72,0,0,0,0,0,0,0,0,0,0,0,0,78,0,0,0,0,0,0,0,0,0,0,0,0,0,0,0,0,0,0,0,0,0,99,79,0,0,0,0,70,0,0,54,0,64,0,0,0,0,0,0,0,34,0,0,0,0,0,0,0,66,65,0,0,0
59,64,66,90,0,59,0,0,0,0,0,0,0,0,0,0,0,0,0,0,0,0,0,0,0,0,0,0,0,0,0,38,0,0,0,0,0,0,0,0,0,78,0,0,0,62,0,0,0,0,0,0,0,0,0,0,0,0,0,64,0,0,0,0,0,0,100,0,0,0,0,0,0,0,26,0,0,0,0,100,0,0,0,0,0,0,0,0,0,0,0,0,0,0,0,0,0,0,0,0,0,0,0,0,0,0,0,0,0,66,0,10,0,0,0,90,0,66,78,0,0,0,0,0,0,0,0,0,0,0,0,0,0,0,0,20,0,0,0,0,0,0,0,0,0,0,0,0,0,0
91,100,91,89,96,99,98,81,77,89,72,73,90,54,64,64,89,54,53,76,0,0,0,0,0,0,0,0,0,91,0,69,0,0,0,0,0,0,0,0,0,0,0,0,0,0,91,53,0,0,0,0,0,0,28,0,0,0,0,0,0,0,0,70,0,0,0,0,0,78,0,0,0,0,0,0,0,0,0,0,0,0,56,0,0,0,0,0,0,0,0,99,0,0,0,0,0,0,0,0,0,0,0,0,0,0,0,0,0,0,72,0,0,0,0,77,0,0,0,0,55,0,0,0,0,0,0,66,0,73,0,0,0,0,0,0,0,0,0,0,0,0,0,0,18,58,0,0,76,0
89,66,67,46,67,91,67,88,86,57,94,58,94,100,98,62,88,0,0,66,0,0,58,0,0,0,0,0,0,0,0,0,40,0,0,0,0,91,0,0,92,0,0,0,0,0,0,0,0,0,26,0,0,0,0,0,0,0,0,0,0,86,89,0,0,0,0,0,0,0,0,0,0,0,0,0,0,0,0,0,0,0,0,0,0,0,0,0,0,0,0,0,0,0,0,0,0,0,98,0,0,0,0,67,0,62,0,0,0,0,0,0,0,0,0,0,0,0,0,0,0,0,78,0,0,0,0,0,0,0,0,0,0,0,0,0,0,0,0,0,0,0,100,0,57,0,0,0,0,0
65,59,100,86,67,86,75,98,90,65,73,57,82,57,99,80,82,0,0,0,0,0,0,0,0,0,0,0,0,0,0,0,88,76,0,65,70,0,0,0,0,0,0,0,0,0,99,0,0,98,0,0,0,67,0,0,0,0,0,0,0,0,0,0,0,0,0,14,0,0,0,0,0,0,0,0,0,0,0,0,0,0,0,0,0,0,0,0,0,73,0,0,65,75,0,0,0,0,0,0,0,0,0,0,0,0,0,0,0,0,0,96,72,0,0,0,0,0,54,0,0,0,0,4,80,0,0,0,0,0,0,0,90,0,0,0,0,100,0,0,0,0,0,0,59,0,0,86,0,0
89,74,52,52,82,86,74,52,96,0,0,0,70,0,0,0,0,70,0,26,0,89,0,0,0,0,0,0,0,0,0,0,0,32,64,0,0,0,0,0,0,0,0,0,0,0,0,0,0,0,0,0,0,0,0,0,0,0,0,0,0,0,0,0,0,0,0,68,0,0,32,0,0,0,0,0,0,0,86,0,0,0,0,0,0,0,0,0,0,54,0,0,0,20,0,0,0,0,0,0,0,0,0,0,0,0,0,0,0,0,0,62,0,0,0,0,0,0,0,0,0,0,0,0,0,0,0,0,0,0,0,0,0,0,0,0,0,0,0,0,0,0,0,0,0,86,0,0,0,0
56,83,76,90,0,0,0,0,0,0,0,0,0,96,0,0,0,0,0,2,0,0,0,0,0,0,0,0,0,0,0,0,0,0,0,0,0,0,0,0,0,0,0,0,0,0,0,0,0,0,0,0,0,0,0,0,0,0,0,0,0,0,0,26,0,0,0,0,0,0,40,0,0,0,0,0,0,0,0,0,0,0,0,0,0,0,0,0,0,0,0,0,0,0,0,0,0,0,0,0,0,0,0,0,0,0,0,0,0,0,83,0,0,0,0,0,0,92,0,0,0,0,68,0,0,56,0,0,0,0,0,0,0,0,0,0,0,0,14,0,90,0,0,0,34,0,0,0,0,76
98,65,81,79,75,67,62,81,72,62,57,82,53,57,82,52,0,0,0,0,0,0,0,67,0,0,64,98,0,0,0,0,0,0,0,34,81,0,56,0,0,0,0,0,0,53,0,0,0,0,0,0,0,0,0,0,0,0,0,0,18,84,0,0,0,0,0,0,0,0,0,0,34,0,0,0,0,0,0,0,0,0,0,0,0,0,0,0,0,0,0,0,0,0,0,98,0,0,0,0,0,0,0,0,0,0,79,0,65,0,0,0,0,0,0,0,0,0,0,0,0,100,0,0,0,0,0,0,0,52,75,0,0,0,0,50,0,0,0,0,0,81,0,0,0,0,68,0,0,72
58,68,86,67,48,58,0,0,0,67,0,0,0,0,0,0,0,0,0,0,78,0,0,0,0,0,0,84,0,0,0,0,0,0,0,0,0,0,0,0,0,0,0,0,0,0,0,4,0,0,0,0,0,0,0,0,0,0,0,0,0,0,0,0,0,0,0,0,0,0,58,0,0,0,0,0,0,0,0,0,0,0,0,0,0,0,0,0,0,0,0,0,98,0,0,0,0,0,0,0,0,0,0,0,0,0,0,0,0,0,0,0,58,0,0,0,60,0,0,0,0,0,0,0,0,0,0,86,0,0,0,0,68,0,0,0,26,0,22,0,70,0,0,0,0,52,0,0,0,0
94,90,75,90,76,96,99,99,55,86,96,65,84,55,86,86,60,0,0,0,76,0,0,0,0,99,4,0,60,0,0,0,0,0,0,0,0,0,0,0,0,0,0,0,0,0,0,0,0,0,0,48,0,0,0,34,0,0,0,0,0,0,0,0,75,0,0,55,0,0,0,0,84,0,0,0,0,0,0,0,0,0,0,0,34,94,0,0,0,0,68,0,0,0,0,0,0,0,0,0,0,12,65,0,0,0,0,0,0,0,0,0,80,0,0,34,44,0,60,0,0,0,0,90,0,0,0,0,0,86,0,0,0,0,0,0,0,0,0,69,0,0,0,0,51,0,0,0,0,0
92,60,89,62,79,63,62,71,76,92,89,51,92,0,94,0,0,46,0,0,0,0,0,0,0,0,0,0,0,0,0,0,0,89,0,0,0,0,18,79,0,51,0,0,0,0,0,0,0,0,78,0,0,0,0,0,0,0,0,0,0,72,10,0,0,0,0,0,0,76,0,0,100,0,0,0,60,0,0,0,0,0,0,89,0,0,0,0,0,0,52,0,0,92,0,0,0,0,0,0,0,0,0,0,0,0,0,0,0,0,0,0,63,0,0,0,0,0,0,0,0,0,0,0,0,71,0,0,0,0,0,0,0,0,0,0,0,0,0,0,0,0,0,0,0,0,0,0,0,0
72,81,92,42,88,62,90,72,0,0,0,0,0,0,0,0,0,0,0,0,0,0,0,0,0,0,0,0,0,0,72,0,78,0,0,0,0,0,0,0,38,0,0,0,0,0,0,0,0,0,0,0,0,18,0,0,0,0,0,0,0,0,0,0,0,0,0,0,0,0,84,0,0,0,0,0,0,0,0,0,0,0,0,0,0,0,0,0,0,0,0,0,18,0,88,0,0,0,0,0,0,0,0,0,0,0,0,0,0,0,0,0,0,72,0,0,0,0,0,81,0,68,0,0,38,0,72,0,0,0,0,0,0,0,90,0,0,0,0,0,0,0,0,62,0,0,0,0,0,0
52,71,100,80,52,55,91,0,0,0,0,0,0,0,0,0,0,0,0,80,0,0,0,0,0,0,0,0,0,0,0,0,0,0,0,0,0,0,0,0,100,0,0,0,0,0,0,0,0,0,0,71,0,0,0,0,0,0,0,0,0,0,0,0,0,0,0,92,0,0,0,0,0,52,0,0,0,0,0,0,0,0,82,80,0,0,0,0,0,0,0,0,0,0,0,0,0,0,0,0,0,0,0,0,0,0,0,0,0,0,0,0,0,0,0,0,91,55,0,0,0,0,0,0,0,0,0,0,0,0,0,66,0,16,0,0,0,0,0,0,0,0,0,0,0,0,0,52,0,0
80,59,66,87,92,92,97,97,93,71,76,91,77,77,86,91,0,0,78,97,97,0,0,0,0,0,0,0,0,0,0,0,0,0,0,0,0,0,0,0,0,0,0,0,93,0,0,0,0,0,4,0,0,0,0,0,0,0,0,0,0,91,0,0,0,0,0,0,0,0,0,0,0,59,0,0,0,0,0,0,71,48,0,0,66,87,0,0,0,0,0,0,0,0,0,0,0,0,0,42,0,0,0,0,0,0,0,0,76,0,0,0,86,0,0,84,91,0,0,0,0,0,0,0,30,0,0,0,80,0,0,0,0,0,0,0,0,0,0,0,0,0,0,0,0,0,0,0,0,0
97,91,97,62,84,62,4,0,0,0,0,0,0,0,0,0,0,0,0,0,0,0,0,0,0,0,0,0,0,0,0,0,84,0,0,0,0,0,0,0,0,0,0,0,0,0,0,0,28,0,0,0,0,0,91,0,0,0,0,0,58,0,0,0,0,0,46,0,0,0,0,0,0,0,0,0,0,0,0,0,62,0,0,0,0,0,0,0,80,78,0,0,0,0,0,0,0,0,0,0,0,0,0,0,0,0,0,70,0,0,8,0,0,62,0,0,0,0,0,32,0,0,0,0,0,0,0,0,0,0,0,0,0,0,0,0,0,0,0,0,0,0,0,0,64,0,86,0,0,40
100,56,56,91,77,95,99,66,68,53,0,0,0,0,0,0,0,0,0,0,0,0,0,0,0,0,0,0,0,0,0,0,66,0,0,0,0,0,0,56,0,10,0,0,0,0,0,0,0,0,0,0,0,0,0,16,0,0,0,0,0,0,77,0,0,56,0,0,0,0,0,0,0,0,0,0,0,0,0,91,0,0,0,0,0,0,0,0,95,0,53,0,0,0,0,0,0,0,0,68,0,0,0,0,0,0,0,0,0,0,99,0,0,0,0,0,62,0,0,0,0,100,0,0,0,58,0,0,0,0,0,0,0,0,0,0,0,0,0,0,0,0,0,0,0,0,0,0,0,0
51,67,97,100,71,73,57,80,72,97,60,78,97,0,0,0,0,0,0,0,0,0,0,50,0,60,0,0,0,40,73,0,0,0,0,0,0,0,0,0,0,0,0,0,0,0,0,0,0,0,87,0,0,0,0,0,0,0,0,0,0,0,0,0,0,0,0,100,0,0,0,97,0,0,0,0,0,0,0,0,0,0,0,0,0,0,78,0,0,0,0,0,0,0,0,0,57,0,28,0,0,0,0,0,80,0,0,0,0,0,0,0,0,0,0,0,0,0,0,0,0,67,0,71,78,0,0,0,0,0,0,0,0,0,0,72,0,0,0,54,0,0,0,0,0,0,0,0,72,0
58,69,66,88,80,80,98,94,48,91,58,91,95,78,0,0,0,66,0,0,0,0,0,0,0,0,0,0,0,0,0,0,0,60,0,0,96,0,0,0,0,0,0,0,0,69,0,0,0,0,0,0,80,0,0,0,0,38,0,0,0,0,0,0,0,0,0,0,0,0,0,0,0,0,0,0,0,0,0,0,0,78,0,0,0,0,0,0,0,0,0,0,0,0,0,0,0,0,0,0,0,95,0,0,0,0,0,0,0,0,0,0,0,0,0,0,0,0,96,0,0,0,0,0,0,0,0,0,0,0,0,88,0,0,0,0,0,0,0,0,80,0,0,0,94,0,0,0,0,0
93,90,54,58,53,56,56,69,53,82,69,85,82,51,0,0,0,0,0,0,0,0,58,53,0,0,0,0,0,0,0,0,68,0,0,0,0,0,0,0,0,0,0,0,0,0,0,0,0,0,0,0,51,44,0,0,0,0,0,0,0,0,0,0,0,0,0,0,0,0,0,90,0,0,0,0,0,0,0,92,0,0,0,0,0,0,0,0,0,0,0,0,0,85,0,0,0,0,0,0,0,0,0,70,0,0,0,0,0,0,0,0,0,0,0,0,0,26,0,0,0,0,0,0,0,0,0,0,0,0,0,0,0,0,0,0,0,0,0,0,0,0,0,0,0,0,0,0,0,0
54,84,72,58,98,68,78,47,0,0,0,0,88,0,0,0,0,0,0,0,0,0,0,0,78,0,0,0,0,0,0,0,0,0,0,0,0,0,0,0,0,0,0,62,0,0,0,0,0,0,0,0,0,72,0,0,0,0,0,0,0,0,98,0,0,0,0,0,0,51,0,0,0,0,0,0,0,30,0,0,0,0,0,0,0,34,0,0,0,0,84,0,0,0,0,0,0,0,0,0,0,0,0,0,0,0,0,0,96,0,0,0,0,0,0,0,0,0,0,0,0,0,0,0,0,0,0,0,0,0,0,0,0,0,0,54,58,0,0,0,0,68,0,0,0,0,0,0,0,0
79,96,90,71,53,73,69,76,90,88,53,96,90,0,53,0,0,0,0,0,0,0,8,0,0,0,0,0,0,0,0,96,0,0,0,0,0,0,53,0,0,0,0,0,0,0,0,0,0,0,0,0,0,0,0,0,0,0,90,0,73,26,0,0,0,0,0,0,0,0,0,69,0,0,0,0,0,0,0,0,0,96,71,0,0,0,0,0,0,0,0,0,0,0,0,0,0,0,0,0,88,0,0,30,0,64,0,79,0,0,0,0,0,0,0,0,0,0,0,0,0,0,0,0,0,0,0,0,0,0,0,0,0,92,0,0,0,0,0,0,0,0,0,0,0,0,0,0,8,76
98,61,77,82,77,40,0,0,0,0,0,0,0,61,0,0,0,0,0,0,0,0,0,0,0,0,0,0,0,0,0,0,0,0,0,0,0,0,0,0,0,0,0,0,0,0,0,0,0,0,0,0,0,0,0,0,0,0,0,0,0,0,0,0,0,66,0,0,0,0,0,0,0,0,0,0,0,0,0,0,0,0,0,24,0,0,0,0,0,0,0,0,0,0,0,0,0,0,0,0,0,0,0,0,0,0,0,0,0,0,0,0,0,0,0,0,0,0,0,0,0,0,0,0,0,0,58,0,0,0,0,0,0,0,0,0,0,0,0,0,82,0,0,0,0,0,0,0,0,0
98,72,72,69,89,63,58,92,86,96,79,0,0,0,0,0,0,0,0,0,0,0,96,0,0,0,0,0,0,0,0,0,0,0,0,0,0,0,0,0,0,0,98,0,0,0,0,0,0,0,0,0,0,0,0,0,0,0,0,0,0,0,68,0,0,60,0,0,58,0,0,0,0,0,0,0,0,0,0,0,0,69,0,0,0,0,0,0,79,0,0,0,0,0,0,0,0,0,0,89,0,0,0,0,0,0,0,0,0,0,0,0,0,0,63,0,0,0,0,0,0,0,0,0,0,0,0,0,0,0,86,0,0,0,0,0,0,0,0,0,0,0,0,82,0,0,0,0,0,0
87,96,0,0,0,0,6,87,0,0,0,0,0,0,0,0,0,0,0,0,0,0,0,0,0,0,0,0,0,0,0,0,0,0,0,0,0,0,0,0,0,0,80,32,0,0,0,0,0,0,0,0,0,14,0,0,0,0,0,0,0,0,0,0,0,0,0,0,0,0,0,0,0,0,0,0,0,0,0,0,0,0,0,0,0,0,0,96,0,0,0,0,0,0,0,0,0,0,0,0,0,0,0,0,0,0,0,0,0,0,0,0,0,0,0,0,0,0,0,0,72,0,0,0,0,0,0,76,0,0,0,0,0,18,0,0,0,0,0,6,0,0,0,0,0,0,0,0,0,0
86,90,79,83,55,83,57,90,83,0,0,0,0,0,0,0,0,0,0,0,0,0,0,0,0,0,0,0,0,0,0,0,90,0,0,0,0,0,0,0,0,0,0,0,0,0,50,0,0,0,0,0,0,0,0,0,0,0,0,0,0,0,0,0,0,0,0,0,0,0,0,0,0,0,0,0,0,72,57,0,0,0,0,0,0,0,0,0,0,0,0,0,0,0,0,79,0,0,0,0,0,0,0,0,0,0,0,0,83,0,0,86,0,0,0,62,0,0,0,0,0,0,58,0,0,0,0,0,0,0,0,0,0,0,0,0,0,0,0,0,0,0,0,0,55,0,0,0,0,0
51,97,56,83,92,53,95,63,91,52,92,59,93,0,91,0,0,0,0,0,0,24,0,0,0,56,0,0,0,0,0,0,0,0,0,0,0,0,0,0,63,0,0,0,0,0,0,0,0,0,0,0,0,0,0,0,0,0,0,0,0,0,0,0,0,0,0,24,0,0,0,0,0,0,0,0,0,0,0,0,0,83,0,0,0,0,0,0,0,0,0,0,95,0,0,0,0,0,0,0,0,0,0,0,0,0,0,0,0,52,97,0,0,0,0,0,0,0,0,0,0,0,0,0,0,88,0,0,0,0,2,53,0,0,59,51,0,0,0,0,93,0,0,0,0,52,0,0,0,0
61,70,79,88,71,99,78,52,61,0,0,0,0,0,0,0,50,0,0,0,0,0,0,0,0,0,0,0,0,2,0,0,0,0,0,88,0,0,0,0,0,0,0,0,0,0,0,0,0,0,0,0,0,0,0,0,0,0,0,0,0,0,0,0,0,0,0,0,0,0,71,0,0,0,0,0,0,0,0,0,74,0,0,0,0,0,0,52,0,0,0,20,0,0,0,70,0,0,38,0,0,0,98,0,0,0,0,0,0,0,0,0,0,0,0,0,0,0,0,0,0,0,0,0,0,0,0,78,0,61,0,0,0,0,0,0,0,99,0,0,0,0,0,0,0,61,79,0,0,0
71,98,94,66,100,85,0,0,0,0,0,0,0,0,0,0,0,0,0,0,0,0,0,0,0,0,0,0,0,0,0,0,0,0,0,0,0,0,0,0,0,0,0,0,0,0,0,0,0,0,0,0,0,0,0,0,0,0,0,0,0,0,0,0,0,0,62,0,0,0,0,0,0,0,71,32,0,0,0,0,0,0,0,0,0,98,85,0,0,0,0,0,0,0,0,0,0,0,0,0,0,0,0,36,0,0,0,0,0,0,0,66,0,0,0,0,0,94,0,0,0,0,0,0,0,0,0,0,0,0,0,0,0,0,100,0,0,0,0,0,0,0,0,0,0,0,0,0,0,0
90,87,73,96,85,85,73,97,51,56,6,0,0,0,0,0,0,0,0,0,0,0,0,46,0,0,0,0,0,0,0,73,0,0,0,0,0,0,0,0,0,0,0,0,0,0,0,0,0,0,0,0,0,98,0,0,0,73,0,32,54,0,0,0,0,0,0,0,0,0,0,0,0,0,0,85,0,0,0,0,0,0,0,0,0,0,0,0,0,0,0,0,0,0,85,0,0,0,0,0,0,0,0,0,0,0,0,96,0,0,56,0,0,0,30,0,97,0,0,0,0,0,0,32,0,54,0,0,0,0,0,0,0,0,0,0,0,51,0,0,28,0,0,0,57,8,0,0,0,0
100,100,59,99,62,79,42,0,0,0,0,0,0,0,0,0,0,0,0,0,0,68,0,0,0,0,0,0,0,0,0,0,0,0,0,0,0,0,0,0,0,0,0,0,0,0,0,0,0,0,0,0,0,0,0,0,0,0,0,0,0,0,0,0,0,0,0,0,0,0,0,0,0,0,0,0,0,0,0,0,0,0,0,0,0,0,0,0,0,0,0,0,0,0,79,0,0,0,0,58,0,82,0,0,100,0,0,0,0,66,0,0,0,0,0,0,0,0,0,0,0,6,60,0,0,0,56,0,0,0,44,59,0,0,0,0,62,0,0,0,0,0,0,16,0,0,0,0,99,0
68,99,53,86,94,66,86,86,86,94,92,95,92,0,0,0,54,0,0,0,0,0,0,0,0,0,0,0,0,0,66,0,0,0,0,0,0,0,0,0,0,0,0,0,0,0,0,0,0,0,0,0,0,0,0,0,0,0,0,0,0,0,0,0,0,0,0,0,0,0,0,0,0,0,0,0,0,0,0,0,0,0,0,0,0,0,0,0,0,42,0,0,0,0,0,0,0,0,0,68,0,0,0,0,0,95,0,0,0,99,0,0,0,0,0,0,0,0,0,0,0,0,86,0,0,0,0,0,0,0,0,0,53,0,0,0,0,0,0,0,0,0,0,0,0,0,0,0,80,0
93,99,97,96,88,93,53,42,99,88,0,0,0,0,0,0,0,0,0,0,0,0,0,0,0,0,0,0,0,0,0,0,0,0,54,0,0,0,0,0,0,0,53,97,0,0,0,0,0,0,0,0,0,0,0,84,0,0,0,0,0,0,36,0,0,0,0,0,0,0,0,0,0,0,0,0,0,0,0,0,0,0,0,0,0,0,0,0,0,0,0,0,99,0,0,44,0,0,0,0,52,0,0,0,0,0,0,0,0,0,99,0,0,0,96,0,0,0,0,0,0,0,0,0,0,0,0,0,0,0,0,0,0,0,0,0,0,0,0,0,0,0,0,0,0,0,0,0,0,0
86,99,85,98,79,79,71,78,80,0,0,0,78,0,0,44,0,30,0,0,0,0,0,0,0,0,0,0,0,0,0,0,0,0,0,0,0,0,0,0,85,0,0,86,0,0,0,0,0,0,98,0,0,0,0,0,0,0,84,0,0,0,90,0,0,0,0,0,0,0,0,0,0,0,0,0,0,99,0,0,0,0,0,0,0,0,0,0,0,0,0,0,0,0,0,0,0,58,0,0,0,0,0,0,0,0,0,0,0,0,0,0,0,0,0,71,0,0,0,16,0,0,0,80,0,0,0,0,0,0,0,0,60,0,0,0,0,0,0,0,0,0,0,0,0,0,0,0,0,96
76,99,94,54,75,91,86,0,0,0,0,0,0,0,0,54,0,0,0,0,0,0,0,0,0,100,0,0,0,0,0,0,0,0,75,0,0,70,0,0,0,0,0,0,0,0,0,0,0,0,0,0,0,0,60,0,86,0,0,0,0,0,0,0,0,0,0,0,0,0,0,0,0,0,0,0,0,0,0,0,0,0,0,0,0,34,0,0,0,0,0,0,0,70,0,0,0,0,0,0,0,0,0,0,0,0,0,0,0,28,0,0,0,0,0,8,0,0,0,0,94,0,0,0,0,99,0,0,0,0,0,91,0,0,0,0,0,0,0,0,0,0,0,0,0,0,0,0,0,0
83,97,74,99,75,99,92,65,75,12,0,0,0,0,0,2,0,0,0,0,0,0,0,0,0,0,0,0,0,0,0,0,0,0,0,0,56,65,0,0,0,0,0,0,0,0,0,0,0,0,0,0,0,0,0,0,0,97,0,0,0,83,0,4,0,0,0,0,0,0,0,0,0,0,0,0,88,0,0,0,0,0,0,0,0,68,0,0,0,0,74,0,0,0,0,81,0,0,0,0,0,0,0,0,0,0,0,0,0,0,0,0,0,0,0,0,0,40,0,36,0,56,0,0,0,0,0,0,0,0,0,0,0,0,0,0,0,96,0,0,0,92,0,0,0,0,0,63,0,0
55,74,83,60,89,71,0,0,88,0,0,0,0,0,0,0,0,0,0,0,0,0,0,0,0,0,0,0,0,0,0,0,0,0,0,0,0,0,0,0,0,0,72,0,0,0,0,0,0,0,0,0,0,0,0,0,0,0,0,0,0,0,0,0,0,0,0,0,0,0,0,0,0,0,0,0,0,0,0,0,0,0,0,0,89,0,0,0,0,0,0,0,0,0,0,54,71,32,0,0,0,0,0,86,96,0,22,0,55,0,83,0,0,0,0,44,0,0,0,16,0,0,0,0,0,0,0,74,0,0,0,0,0,0,0,0,0,0,0,0,0,60,0,0,0,0,0,0,0,0
93,77,54,97,54,62,63,92,88,74,68,0,0,0,0,0,0,0,74,0,0,0,0,0,0,0,0,0,62,0,0,0,0,0,0,0,0,0,0,0,0,0,0,0,0,0,0,0,0,0,0,0,77,62,0,0,0,0,0,68,88,0,0,2,0,0,0,0,0,0,0,0,0,0,0,0,0,0,0,0,0,0,0,0,0,63,0,0,93,0,0,0,0,0,0,0,0,0,0,0,0,0,0,0,0,0,0,0,0,0,0,0,0,0,0,0,0,0,8,0,0,68,0,0,0,0,0,0,0,0,0,0,0,0,0,0,0,0,0,0,0,0,0,0,68,82,0,0,0,97
86,91,90,86,54,87,69,55,84,98,0,98,0,0,0,0,0,0,0,0,0,0,98,0,0,0,0,0,0,0,0,0,0,0,6,0,69,0,0,0,0,34,0,0,0,0,0,0,0,0,0,0,86,0,0,0,0,0,0,0,0,92,0,58,0,0,0,0,0,38,0,0,84,0,55,0,0,0,0,0,0,14,0,0,0,0,0,54,0,0,0,0,0,0,0,0,0,0,22,0,0,0,0,0,0,0,0,0,0,0,0,0,0,0,0,0,90,0,0,0,0,0,62,0,0,0,0,87,0,10,0,0,57,0,0,0,0,78,0,0,28,0,0,0,0,0,0,0,0,0
78,76,57,84,86,67,54,52,84,0,0,0,0,0,0,0,0,0,0,0,0,0,0,0,90,0,0,18,0,0,0,67,0,82,58,0,0,62,57,0,0,0,0,0,0,0,0,0,0,54,76,78,0,0,0,0,0,0,90,0,0,0,0,0,0,0,0,0,6,0,54,0,24,0,0,56,0,0,0,0,0,0,0,0,32,0,0,0,0,0,0,0,0,12,0,0,0,0,0,0,0,0,0,0,0,0,0,0,0,0,0,0,0,0,88,0,0,0,0,0,0,0,0,82,0,0,0,0,86,0,0,0,0,0,0,4,0,0,0,0,0,0,0,0,0,0,0,0,0,0
73,78,77,64,97,95,0,0,0,0,0,0,0,20,0,0,0,0,0,0,0,0,0,0,0,0,0,0,0,0,0,0,0,0,0,0,0,0,0,0,0,0,0,50,0,0,0,0,0,90,0,0,10,0,0,0,0,0,0,0,0,76,0,0,0,0,0,0,0,0,0,0,0,0,0,0,0,0,0,95,0,0,0,0,0,0,78,0,0,97,0,0,0,78,0,0,0,0,0,0,26,0,0,0,0,0,0,0,0,0,0,0,73,0,0,0,0,0,0,0,0,0,0,0,0,0,0,0,0,0,0,0,0,0,0,0,0,0,0,0,77,0,0,0,0,0,0,0,0,0
58,70,59,59,80,85,86,92,82,70,46,0,0,0,0,0,0,0,0,0,92,0,80,0,82,0,0,0,0,0,0,0,0,0,0,0,0,0,0,46,0,0,0,0,0,0,0,0,0,0,0,0,0,85,0,0,0,0,0,0,0,0,0,0,0,0,0,0,0,0,0,0,0,0,0,0,0,0,0,0,0,0,0,0,0,0,0,0,0,0,0,0,0,90,0,0,0,0,0,0,0,0,0,0,70,0,0,0,0,0,0,0,0,0,0,0,0,58,0,0,0,0,78,0,0,0,0,0,0,0,70,0,0,0,0,0,0,0,0,0,0,0,0,0,0,0,0,0,10,0
69,69,95,96,62,96,73,72,0,0,80,0,0,0,0,0,0,0,69,0,0,0,0,0,0,0,0,0,0,0,0,0,0,0,0,0,0,0,0,0,0,0,0,0,0,0,0,0,0,0,0,0,0,0,0,0,0,0,72,40,0,0,0,0,30,0,0,0,0,0,0,0,0,73,70,0,0,0,0,0,0,0,0,82,0,0,0,0,0,0,0,0,0,0,0,0,0,0,0,72,0,0,0,0,0,100,69,95,0,0,0,0,0,0,0,0,0,0,0,0,0,0,0,62,0,0,0,0,0,24,0,0,0,0,0,0,0,0,0,0,0,0,0,18,0,0,0,0,8,0
63,53,63,51,91,100,91,87,97,99,61,51,53,60,55,0,0,0,0,0,0,0,0,0,0,0,0,0,61,0,0,90,0,76,0,0,0,0,0,0,0,0,0,0,0,0,0,0,0,0,60,0,0,0,0,0,56,0,0,0,0,0,63,0,0,0,0,0,0,0,0,0,100,0,0,0,0,78,0,0,0,0,0,0,0,0,0,0,0,58,0,0,0,0,0,0,0,0,0,53,0,0,0,0,0,0,0,0,63,87,0,0,0,0,0,0,0,0,0,0,0,0,0,55,0,0,0,0,46,0,0,100,0,0,0,0,0,0,0,0,0,0,0,0,0,0,0,0,97,0
94,75,58,80,78,67,80,56,58,83,60,0,0,0,0,0,0,0,0,0,0,0,0,0,0,0,0,0,0,0,0,0,0,0,0,0,56,68,0,0,12,0,0,0,0,0,0,0,0,0,0,94,0,0,0,0,0,0,0,0,0,0,0,78,0,0,75,0,0,0,82,0,0,0,0,0,0,0,0,0,0,0,0,0,0,0,0,0,0,0,0,0,0,0,0,0,0,100,0,83,58,0,0,0,0,0,0,0,0,0,0,0,0,0,0,0,0,0,82,67,0,0,0,0,60,0,0,0,48,0,0,0,0,0,0,58,0,0,0,0,0,0,0,78,0,0,0,0,0,0
59,96,56,61,91,91,82,0,0,0,0,0,0,0,0,0,0,0,59,0,0,0,0,0,0,77,0,34,0,82,0,0,0,0,0,0,0,0,0,0,0,0,2,0,0,58,0,0,0,98,0,0,0,0,0,0,0,0,0,0,0,0,0,0,0,0,0,0,0,0,0,0,0,0,0,0,0,0,0,0,0,0,0,0,0,0,0,0,0,0,0,0,0,91,88,0,0,0,0,0,0,0,0,0,0,0,0,0,0,0,0,0,0,56,0,0,91,0,0,0,0,0,0,0,0,0,0,0,0,0,0,96,0,0,42,0,0,56,0,0,0,0,0,0,0,0,0,0,0,0
79,77,87,55,0,0,0,0,0,0,0,0,77,0,0,0,0,68,0,79,54,0,0,0,0,0,0,0,0,0,0,0,0,0,0,0,0,0,0,54,0,0,0,0,0,0,0,0,0,0,0,0,0,0,0,0,0,0,0,0,2,0,0,0,0,54,0,0,0,0,55,0,0,0,0,10,0,0,0,0,84,0,0,0,0,0,0,0,0,0,0,0,0,0,0,0,0,0,0,0,0,0,0,99,0,0,0,0,8,0,0,0,0,0,0,0,0,0,0,0,0,36,0,0,0,0,0,0,0,0,0,0,0,0,0,0,0,0,0,0,70,0,38,0,0,0,0,0,0,86
70,75,66,75,55,94,70,52,87,62,84,85,90,75,68,0,0,0,85,0,0,0,62,0,0,0,0,0,0,0,0,90,70,80,0,0,0,0,0,0,0,75,0,0,0,0,0,66,0,0,0,76,0,0,0,0,0,0,0,0,0,0,0,0,0,38,0,0,0,74,0,0,0,0,0,0,0,0,0,0,0,0,0,52,0,0,0,0,0,68,0,0,0,0,0,0,0,0,0,0,0,0,0,0,0,0,90,0,55,0,0,70,0,0,0,0,0,0,0,0,0,0,0,62,0,0,0,0,0,0,0,72,0,0,0,58,0,0,0,87,0,0,0,0,0,0,0,0,0,0
56,60,66,54,85,93,93,64,46,98,0,0,0,0,0,92,84,0,0,0,0,0,0,0,0,66,0,0,0,0,0,0,0,0,0,0,0,0,0,56,0,0,0,0,0,0,0,0,0,0,0,0,24,0,0,98,0,0,0,0,54,0,0,0,0,0,0,0,0,0,0,0,0,0,0,0,0,0,0,0,0,0,0,0,0,0,0,0,0,0,0,92,0,0,0,0,0,0,48,0,0,0,0,0,0,0,0,0,0,0,0,60,0,0,10,0,0,0,85,0,0,0,64,80,0,0,0,0,0,0,0,0,0,0,0,0,0,0,76,0,0,0,0,0,0,0,60,0,0,0
62,62,83,80,68,78,78,99,62,61,96,53,92,0,0,0,0,0,0,66,0,0,0,0,0,83,0,0,0,80,0,0,0,100,0,0,0,62,0,0,0,0,68,0,0,0,0,0,0,0,0,0,0,61,0,0,0,0,62,0,2,0,0,0,0,0,0,0,0,0,0,0,0,0,0,0,0,0,0,0,0,60,0,0,0,0,0,0,0,0,0,0,0,0,0,0,0,58,0,53,0,62,0,0,0,0,0,0,0,0,0,0,0,0,4,0,96,0,0,0,56,0,0,0,0,0,0,0,0,59,0,0,0,0,0,0,0,0,0,0,0,0,0,0,0,0,0,0,0,0
73,100,81,69,85,71,97,68,66,0,100,0,68,0,0,0,0,98,81,0,0,0,0,0,0,0,0,0,0,34,0,0,0,0,0,0,0,0,0,0,0,0,0,0,0,0,0,0,0,0,69,0,0,0,0,0,0,0,0,97,0,0,66,0,0,0,0,0,0,0,0,0,0,0,0,0,0,0,0,0,0,0,0,0,0,0,0,0,0,0,0,0,72,0,0,0,0,0,0,0,0,0,0,0,0,76,73,71,0,0,0,0,0,0,0,0,0,34,0,0,0,0,0,0,0,0,86,0,88,0,0,0,0,0,0,0,0,0,0,0,0,0,0,0,0,0,0,85,0,0
68,60,98,94,93,58,93,0,68,0,0,0,0,0,0,0,0,0,0,0,0,0,0,0,0,0,0,0,0,0,0,0,0,12,0,0,0,0,0,0,0,0,0,0,0,0,0,0,0,0,0,0,0,0,0,0,0,0,0,0,0,0,0,0,0,0,0,0,0,0,0,88,0,0,42,0,0,0,0,0,0,0,0,0,0,0,0,0,36,0,0,0,0,0,0,18,0,0,0,0,0,0,0,0,0,0,0,60,0,0,0,0,0,0,0,0,56,0,0,98,0,0,0,0,0,0,0,0,0,0,0,0,0,0,0,0,0,0,0,0,0,0,0,0,0,94,0,0,0,0
70,54,57,86,78,60,64,84,85,65,54,20,0,0,0,0,30,0,0,0,0,70,0,46,0,0,0,0,0,0,0,0,0,0,0,0,0,0,0,0,0,0,0,0,0,0,0,0,0,0,60,0,0,85,0,0,0,0,0,0,0,0,0,0,0,0,0,64,0,0,0,0,0,0,0,0,0,0,0,0,0,0,0,0,0,0,0,0,0,0,0,0,0,0,84,0,0,0,0,0,66,0,0,0,0,0,0,8,0,48,0,0,0,0,0,65,0,0,0,0,0,78,0,0,0,0,0,0,0,0,0,0,0,86,0,0,0,0,0,0,0,57,54,0,0,0,0,0,0,0
85,90,51,84,87,90,75,93,87,84,98,0,0,0,0,51,0,0,0,0,0,0,0,38,0,0,0,0,0,0,0,0,0,0,0,0,0,0,0,12,0,0,0,0,0,0,0,0,0,0,0,0,0,0,0,0,0,0,0,0,0,0,0,0,0,0,0,0,0,84,0,93,0,0,0,0,0,0,0,0,42,0,0,59,0,0,0,88,0,0,0,0,0,0,0,0,0,0,0,56,0,0,0,0,0,0,0,0,0,85,0,0,0,0,10,0,0,84,0,0,0,0,0,52,0,4,0,0,0,98,0,0,0,0,0,0,0,0,0,0,0,0,0,0,0,0,0,0,0,0
54,80,95,71,89,85,0,0,0,0,0,0,0,0,0,0,0,0,0,0,0,0,0,71,0,0,0,95,0,0,0,0,0,0,0,0,0,0,0,0,0,0,0,54,0,0,92,0,0,0,0,0,0,0,0,0,0,0,84,0,89,0,0,0,0,0,0,0,0,0,0,0,0,0,0,0,0,0,0,0,0,0,0,0,0,0,0,0,0,0,0,0,0,0,0,0,0,0,80,0,0,0,0,0,0,0,20,0,85,0,0,0,0,90,0,0,46,0,0,0,0,0,0,0,0,26,0,0,0,0,0,0,0,0,0,0,0,0,0,0,0,98,0,0,0,0,0,0,0,0
89,95,91,66,95,90,78,83,71,0,30,95,0,0,86,0,0,0,0,0,0,0,0,0,0,50,0,0,0,91,0,0,0,0,0,0,0,0,71,0,0,0,0,0,0,0,0,0,0,0,0,0,0,0,0,0,0,0,0,0,0,10,66,0,0,0,0,16,0,0,0,0,0,0,89,0,84,0,0,0,0,0,0,0,0,0,0,0,0,0,0,0,0,0,0,0,58,0,55,0,0,0,74,0,78,0,0,0,0,0,94,0,90,0,0,0,0,0,83,48,0,0,0,0,0,24,0,100,0,0,0,0,0,0,0,0,0,0,0,0,0,0,0,0,0,0,0,0,0,0
60,80,63,84,86,68,79,91,69,84,83,83,97,97,0,0,0,0,0,0,0,86,95,0,0,0,0,0,0,0,91,0,0,0,0,0,0,0,0,0,0,0,0,0,0,63,0,0,0,0,0,0,0,48,0,0,0,0,0,0,0,0,0,0,48,0,0,0,0,0,0,0,0,0,0,60,0,0,0,0,0,0,0,0,32,0,68,0,0,0,0,0,0,0,0,0,84,92,0,0,0,0,0,0,97,0,0,0,0,0,0,0,0,0,84,80,0,42,0,0,0,0,0,0,0,0,0,0,0,98,0,0,0,0,0,0,0,0,0,0,0,0,0,97,0,79,0,0,0,0
61,62,55,58,96,74,83,51,61,70,62,58,0,0,0,0,83,0,0,0,0,0,0,0,0,0,0,0,96,0,0,0,0,0,0,6,0,0,0,0,0,0,0,0,0,0,0,0,46,0,0,0,0,0,62,0,0,0,0,0,0,0,24,0,0,0,0,0,0,0,0,0,0,0,51,0,0,0,0,0,0,0,0,0,0,0,0,0,0,0,0,0,0,0,0,0,0,0,0,0,0,0,0,0,0,0,0,0,0,0,0,70,0,0,55,0,0,0,0,0,0,0,0,0,0,28,0,0,0,0,0,40,0,0,0,0,0,78,74,0,0,0,0,0,0,0,98,0,0,0
88,98,73,81,80,98,100,58,82,98,65,58,0,0,0,0,0,36,0,0,0,0,0,0,0,0,0,0,0,0,0,0,0,98,0,0,0,0,80,0,0,0,0,0,0,0,0,0,0,0,0,0,0,0,0,0,0,0,0,6,0,0,0,0,86,0,0,0,0,0,40,0,0,88,100,0,0,0,0,0,81,0,12,0,100,0,0,0,98,0,0,0,0,0,0,0,0,0,60,0,0,0,0,0,0,65,0,0,73,0,0,44,0,0,0,0,0,4,0,82,98,0,0,0,0,0,0,0,0,0,0,0,82,0,0,0,30,0,0,0,0,0,0,0,0,0,0,0,0,0
83,79,76,79,83,60,65,66,60,0,0,0,83,0,0,0,0,0,52,0,0,0,0,0,0,0,0,0,0,0,0,0,0,0,0,0,0,0,0,0,0,0,0,0,0,0,0,0,0,0,0,0,0,0,0,0,0,0,0,0,0,0,0,0,0,0,0,0,0,0,0,0,0,0,0,0,0,0,0,0,0,0,0,96,0,0,16,0,0,0,83,84,0,0,0,0,0,0,0,0,0,0,40,0,0,0,76,0,0,0,0,0,66,0,0,0,0,0,0,0,0,0,0,80,0,0,54,0,0,0,0,0,0,0,0,0,0,0,65,0,0,8,42,0,0,0,0,0,0,0
73,57,71,52,63,93,84,93,73,0,0,0,0,0,0,0,0,0,0,0,84,0,0,86,0,90,0,0,0,0,0,0,0,0,0,0,0,63,0,0,0,0,0,0,0,0,0,0,0,0,0,0,0,0,0,0,0,0,0,20,0,0,0,0,0,0,0,0,0,56,0,0,0,0,73,0,0,0,0,0,0,42,0,0,0,0,0,0,0,0,0,0,0,0,0,0,0,38,0,0,0,0,0,0,0,0,0,0,0,0,0,0,0,57,0,0,0,0,73,0,0,71,0,0,0,0,0,0,0,0,0,0,0,0,0,18,52,0,0,0,0,0,0,0,0,0,0,18,0,0
54,79,59,90,87,54,51,82,79,53,53,76,94,52,95,0,79,0,0,0,0,98,51,0,0,0,0,0,0,0,0,0,0,0,0,84,0,0,0,0,0,0,0,0,0,0,0,0,0,0,0,0,0,59,0,0,0,0,95,0,0,0,76,0,0,0,0,0,0,0,0,0,0,0,0,0,0,36,0,0,0,0,0,0,0,0,0,0,79,87,0,0,76,76,0,0,0,0,0,0,0,0,0,0,0,0,0,0,0,0,90,0,0,0,0,0,0,0,0,0,0,0,60,0,0,28,0,0,0,0,0,0,0,0,0,0,0,32,0,0,0,76,0,0,0,82,0,0,0,0
91,72,96,90,66,90,0,0,0,0,0,0,0,0,0,0,0,0,0,0,0,0,0,0,0,0,0,0,0,0,0,0,0,0,0,0,0,0,0,0,0,0,0,0,0,0,0,0,0,64,0,0,0,0,8,0,0,0,0,0,0,0,0,0,0,0,0,0,91,0,0,0,0,0,0,0,0,0,0,50,0,0,0,0,96,0,0,0,0,18,0,0,0,0,0,0,0,0,0,0,0,96,0,0,0,0,0,0,0,0,0,0,0,0,0,0,0,0,0,0,0,0,0,66,0,0,0,0,0,0,0,0,0,82,0,0,0,0,0,0,0,0,72,0,0,0,0,20,0,0
85,93,93,93,83,53,75,56,96,52,96,56,0,0,42,0,0,0,0,0,0,0,0,78,75,0,0,0,0,52,0,0,0,0,0,0,0,0,0,0,0,0,0,83,0,0,0,0,0,0,0,0,0,0,0,0,0,0,0,0,0,0,0,0,0,0,0,0,0,0,0,0,0,0,0,0,0,0,93,0,0,0,0,0,0,0,0,0,0,0,0,0,0,0,0,0,0,0,0,0,0,0,0,32,98,0,0,0,62,0,0,0,0,0,0,0,0,0,0,0,0,0,0,0,0,0,0,0,0,0,0,0,0,0,0,53,0,0,0,0,0,0,0,0,0,0,0,85,0,0
85,89,59,98,100,96,73,70,70,99,70,70,62,0,0,0,0,0,85,0,0,0,0,0,0,0,0,0,0,0,0,89,0,0,0,0,0,0,62,0,0,52,0,0,0,0,0,0,0,0,0,38,0,0,0,0,0,0,0,0,0,0,0,0,0,0,26,0,0,62,0,0,0,0,56,0,0,0,0,0,0,0,90,0,0,0,100,0,0,0,0,0,55,0,0,0,0,0,0,0,0,0,0,0,0,0,0,0,0,0,70,0,0,0,0,0,0,0,0,0,0,0,0,0,96,59,0,0,0,0,0,0,0,0,0,0,0,70,0,0,0,0,0,0,0,73,0,0,62,0
61,86,99,94,77,59,72,84,86,100,65,71,65,0,0,0,0,0,0,0,0,0,0,0,0,0,0,0,0,0,0,0,0,0,0,0,0,36,0,0,86,0,0,0,0,0,0,0,71,0,59,77,0,0,0,72,0,0,14,0,0,0,0,0,84,0,0,0,0,0,0,0,82,86,0,0,0,0,0,0,0,0,100,0,0,0,0,0,0,0,72,4,0,0,74,0,0,0,0,0,0,0,94,0,0,0,0,0,0,0,0,0,0,0,99,20,0,0,0,50,0,0,0,0,0,0,0,0,0,0,0,0,0,0,0,0,0,61,0,0,0,0,0,0,0,0,0,0,0,0
97,100,65,70,96,78,0,0,0,0,0,0,0,0,0,0,0,0,0,0,0,0,0,14,0,74,0,0,0,0,0,0,0,0,0,0,90,0,0,0,80,0,0,0,0,0,0,0,0,97,0,72,0,0,0,0,0,0,0,0,78,100,0,0,0,0,0,0,0,0,0,0,0,0,0,0,10,0,0,0,0,0,0,72,0,0,0,0,0,0,0,0,0,0,0,0,0,0,0,65,0,0,0,0,0,0,0,96,0,0,0,0,0,0,0,0,0,0,0,76,0,0,0,0,68,0,0,0,0,0,0,0,0,70,0,0,0,0,0,0,88,0,0,0,0,0,0,0,0,56
97,88,80,91,93,70,98,59,82,0,56,0,0,0,0,93,0,0,0,0,0,0,0,0,0,0,0,0,0,0,0,0,0,0,0,0,0,0,0,0,0,0,0,0,0,0,0,0,0,0,0,0,0,0,0,0,0,0,80,0,0,0,0,0,0,82,0,0,0,0,0,59,0,0,0,0,0,0,0,0,0,0,58,0,0,0,0,0,0,0,0,88,0,0,0,0,68,0,0,0,0,98,0,0,0,0,0,0,0,0,0,0,0,0,0,0,0,0,46,0,0,0,0,0,0,0,0,0,0,0,0,0,0,91,0,0,70,0,0,0,0,0,0,97,0,0,0,0,0,0
85,84,79,75,100,99,84,94,0,0,0,75,0,0,99,0,0,0,0,0,0,0,72,0,0,0,0,0,0,16,0,0,0,79,0,0,0,0,0,0,0,0,0,0,0,63,0,46,0,0,0,0,0,0,85,0,0,14,0,0,0,94,0,0,0,0,0,100,0,0,0,0,0,0,0,0,0,18,0,0,0,63,0,0,0,0,0,0,0,0,0,0,0,0,0,0,0,0,0,0,0,0,0,0,0,0,0,0,0,0,0,0,0,0,0,0,0,0,0,0,8,0,0,0,0,0,82,0,0,50,0,0,0,0,0,0,0,0,0,0,0,0,0,44,0,0,0,0,0,0
86,57,69,96,98,85,36,77,85,92,83,95,0,0,0,0,0,0,66,0,0,0,77,0,0,0,0,0,0,0,0,0,0,92,0,0,0,0,0,0,0,0,0,0,0,0,0,0,0,0,0,0,0,0,0,98,0,0,0,0,0,0,0,0,0,0,0,0,0,0,0,0,0,0,0,0,0,0,86,0,0,0,0,0,69,0,0,0,0,0,70,0,0,96,0,0,0,0,0,0,0,56,0,0,0,0,0,0,0,0,0,0,0,0,0,0,0,0,0,0,0,0,0,0,0,0,26,0,0,83,0,0,0,95,0,86,0,48,0,0,0,0,0,0,0,0,57,0,0,0
82,96,62,72,60,58,71,75,52,0,0,0,0,0,0,62,0,72,0,0,0,0,0,0,0,0,0,0,0,0,0,0,0,0,0,0,0,0,0,0,0,0,0,0,0,0,0,0,52,0,0,0,0,0,0,54,0,0,0,0,68,0,0,0,82,75,0,0,54,0,0,96,0,0,0,0,26,0,0,0,0,0,0,0,0,0,0,0,0,0,0,60,0,0,0,0,0,0,0,0,0,0,0,0,0,0,0,0,0,0,0,0,0,0,0,48,0,0,71,0,0,0,0,0,64,0,0,0,0,0,0,58,0,0,62,0,0,58,0,0,0,0,0,52,0,0,0,0,0,0
81,57,98,76,91,4,97,0,0,0,0,0,0,0,0,0,0,0,4,0,0,81,0,0,0,0,0,0,0,0,91,0,0,0,0,0,0,0,97,28,0,0,0,0,0,0,0,0,0,0,0,0,0,0,0,0,0,0,0,0,0,0,0,66,0,0,2,0,0,0,76,0,0,0,0,0,0,0,0,0,0,0,0,0,0,0,0,0,0,0,0,0,0,0,0,0,0,0,0,0,0,0,0,0,0,0,0,0,0,0,0,0,0,0,0,0,0,0,0,0,0,0,0,34,0,0,50,0,0,18,0,98,0,0,0,0,0,0,0,57,0,0,0,0,0,0,0,0,0,0
92,93,82,52,85,85,67,82,92,93,67,55,51,67,0,0,51,0,55,0,0,0,0,0,0,0,0,85,0,0,0,0,0,0,0,0,0,0,0,0,0,0,0,0,0,0,0,0,0,74,0,0,0,0,10,0,0,85,0,0,0,0,0,0,0,0,0,0,0,78,0,93,0,0,0,0,0,20,0,0,0,0,0,0,0,0,67,0,0,0,0,0,0,0,0,0,0,0,0,62,0,0,0,0,0,0,0,0,0,0,0,0,0,0,0,0,0,0,0,0,0,0,0,0,0,0,93,0,0,0,0,0,0,0,0,0,0,0,0,0,0,0,0,0,0,0,0,52,0,0
91,86,88,90,75,90,94,94,76,60,54,94,100,84,54,84,100,76,84,0,0,0,0,0,0,0,0,94,0,0,0,0,0,0,0,0,76,75,100,0,0,91,0,0,0,0,36,0,0,0,0,0,0,0,0,0,0,0,50,90,0,0,0,0,0,0,0,0,0,0,0,0,0,0,0,0,0,0,0,0,0,0,0,100,0,0,0,0,0,0,0,0,0,0,0,0,0,0,0,0,40,0,0,0,0,0,0,60,0,0,0,64,0,0,0,0,0,0,0,0,0,0,0,60,0,0,88,0,78,84,0,0,0,0,0,0,0,0,0,0,76,0,0,0,0,0,0,0,0,0
73,84,72,72,80,62,0,73,0,0,0,16,0,0,0,0,0,0,0,0,0,0,0,0,0,0,0,0,2,0,50,80,0,0,94,0,0,88,0,0,0,0,0,0,0,0,0,0,0,0,0,0,0,0,0,0,0,0,0,0,0,0,0,0,0,0,0,0,0,0,0,0,62,0,0,0,0,0,0,0,0,0,0,0,0,0,0,0,0,0,0,0,0,0,0,0,0,0,0,0,0,0,0,90,0,0,0,0,0,0,0,0,74,0,100,0,0,0,42,0,0,0,0,0,0,0,0,0,0,0,78,0,0,0,0,0,0,0,0,0,0,0,0,0,0,0,0,84,0,0
73,59,56,66,74,74,79,79,0,0,0,0,0,0,0,0,0,0,0,0,0,0,0,0,73,0,0,0,0,0,0,0,0,0,0,0,0,0,0,0,0,0,0,0,0,0,66,0,0,0,0,0,59,0,0,0,0,0,0,0,0,66,0,0,0,0,0,66,0,0,0,79,0,0,0,0,0,0,0,0,0,0,0,0,0,0,0,0,0,0,0,0,0,0,0,100,0,0,0,0,0,0,0,0,0,0,0,0,0,0,0,0,0,0,0,0,0,56,0,0,0,0,0,0,0,0,0,0,0,0,0,0,0,0,0,0,0,0,0,0,0,79,0,0,0,0,0,72,0,0
69,87,70,93,64,91,52,66,75,0,0,0,0,0,96,0,0,32,0,0,0,0,0,0,0,0,0,0,0,0,0,0,0,0,0,0,0,0,0,0,0,0,0,0,0,0,0,0,0,0,0,0,64,0,0,0,0,0,0,0,70,0,0,0,0,0,0,0,0,0,0,0,0,0,0,0,0,0,0,0,0,0,0,87,0,0,0,0,0,0,78,0,0,93,0,0,78,0,0,0,0,0,0,91,0,0,0,0,0,0,0,0,0,0,0,0,0,66,0,0,58,0,69,0,0,0,0,0,0,0,0,0,0,0,0,0,0,0,0,98,0,75,0,0,0,52,46,0,0,0
94,84,76,68,79,84,58,100,54,0,0,0,0,0,0,68,0,0,58,0,0,0,0,0,0,0,0,0,0,0,0,0,0,0,94,0,0,0,0,0,0,0,0,0,0,0,0,0,0,0,0,0,0,0,0,0,0,0,0,0,0,0,0,0,0,0,0,0,0,0,0,0,0,0,0,0,40,0,0,0,0,0,0,0,0,0,0,0,0,0,0,0,0,0,0,0,0,0,0,0,0,0,0,0,0,0,79,0,0,0,0,0,0,0,0,54,0,100,0,76,0,0,80,0,0,0,0,0,0,0,0,0,0,0,0,0,62,0,0,0,0,0,0,62,0,0,20,0,0,0
96,79,64,72,89,91,0,0,0,0,0,0,0,0,0,0,0,0,0,0,89,0,0,72,0,0,0,0,0,0,0,8,0,0,0,72,0,4,0,0,0,0,0,0,0,0,0,0,0,0,0,64,0,0,0,0,0,0,0,0,0,0,0,0,0,0,0,0,0,0,0,0,0,0,0,0,0,0,0,0,0,0,0,0,0,0,0,0,0,0,0,0,0,0,0,0,0,0,91,0,0,0,0,0,0,0,0,0,0,54,0,79,0,0,0,0,0,0,0,0,0,0,0,0,0,100,0,0,0,0,0,0,0,0,0,0,0,0,0,0,0,0,0,0,0,0,0,0,0,0
77,85,59,94,52,58,61,95,0,0,0,0,0,0,0,0,94,0,0,0,0,0,0,0,0,0,0,0,0,0,0,0,0,0,0,0,0,0,0,0,0,0,0,0,0,0,0,88,0,0,0,0,0,77,0,0,0,0,0,0,0,0,0,0,0,0,0,0,0,0,0,0,0,0,0,0,0,0,0,0,0,0,0,0,0,0,0,0,58,59,0,100,0,0,0,100,0,0,0,0,61,0,0,0,0,0,0,0,0,85,0,0,0,52,0,0,0,0,95,0,0,0,0,60,0,0,36,0,0,0,0,0,0,0,0,0,0,0,0,0,0,0,0,0,0,0,0,0,0,0
78,90,85,94,96,82,81,86,37,69,0,0,0,0,38,0,0,0,0,0,0,94,0,0,0,0,69,0,0,0,0,0,0,0,0,0,0,0,0,0,0,0,0,0,0,0,52,59,0,0,0,0,0,0,0,0,0,0,0,0,0,0,96,0,0,0,82,0,0,0,0,0,0,0,0,63,0,0,0,0,0,0,0,0,0,0,64,0,0,59,0,78,0,0,0,0,0,0,0,0,0,0,0,0,0,0,0,78,0,0,0,0,0,0,81,0,0,0,0,0,0,0,0,0,0,0,85,0,0,76,0,0,0,28,0,0,0,0,0,0,0,0,0,0,0,0,0,0,0,0
96,52,87,65,80,57,80,84,0,0,0,0,0,0,0,0,0,0,0,0,0,0,0,0,24,0,0,0,0,0,0,0,0,0,0,52,0,98,0,0,0,0,0,0,0,0,0,0,0,0,0,0,0,0,0,0,0,0,26,0,0,0,0,0,0,0,57,0,96,0,0,0,0,0,0,0,0,84,0,0,0,0,0,22,0,0,0,0,0,0,0,0,0,0,0,0,0,0,0,0,0,0,0,0,0,0,0,0,0,0,4,0,0,0,0,0,0,0,0,0,0,87,0,0,0,0,0,0,24,0,0,0,0,0,0,0,0,0,0,0,0,0,0,65,0,0,0,0,0,0
98,88,77,96,75,91,53,84,91,0,0,0,0,0,0,0,0,0,0,0,0,99,0,0,0,0,0,0,91,0,0,0,0,0,0,0,0,0,0,0,0,0,62,0,0,0,0,0,0,0,0,0,0,0,0,0,0,0,88,0,67,0,0,0,0,91,88,0,0,0,0,0,0,0,0,0,0,0,0,0,38,0,0,0,0,0,0,0,0,0,86,0,0,77,0,0,20,0,0,0,0,0,0,0,0,0,0,0,32,0,0,0,0,0,0,0,0,0,0,70,0,0,0,0,0,0,0,0,0,0,0,0,84,0,0,0,98,82,0,0,0,0,88,0,0,0,0,0,0,0
86,92,60,80,57,56,57,75,86,75,84,86,0,28,0,0,0,0,6,0,0,0,0,0,0,0,0,40,0,0,0,0,0,0,96,0,0,0,0,84,0,0,0,0,0,0,0,0,0,0,0,0,0,0,0,82,0,0,0,0,0,0,0,0,0,0,6,0,84,60,0,0,0,0,0,0,0,0,0,0,0,86,0,0,0,86,0,0,0,0,0,0,0,0,54,0,0,0,0,0,0,34,0,0,0,92,86,0,0,0,0,0,0,0,0,0,0,0,0,0,0,0,0,0,0,0,0,0,0,0,0,0,0,0,0,0,0,0,0,0,0,0,0,0,0,0,0,0,0,56
64,92,66,57,91,96,0,0,0,0,0,0,0,0,0,0,0,0,0,0,12,0,0,0,0,0,0,0,36,96,0,0,64,0,0,0,0,0,0,0,0,0,0,0,0,0,0,0,0,0,0,0,2,0,0,0,0,0,92,0,0,0,0,92,0,0,0,0,0,0,0,0,0,0,0,0,0,0,0,0,0,66,0,0,0,0,0,0,0,0,0,0,0,0,0,0,91,0,0,0,0,0,0,0,0,0,0,0,0,0,0,57,40,0,0,0,0,0,0,0,0,0,0,0,0,0,0,0,0,0,0,0,0,0,22,82,0,0,0,0,0,0,0,0,0,0,0,0,0,0
78,68,99,65,83,94,76,55,79,76,85,55,67,66,99,69,89,0,0,0,55,0,0,0,0,0,0,55,0,0,0,0,0,0,0,0,0,99,0,0,69,0,0,0,0,14,0,0,0,12,0,0,0,0,0,0,0,0,0,0,0,0,51,66,0,0,0,0,0,0,0,0,94,0,0,0,0,0,0,0,0,0,0,0,0,0,85,0,0,0,0,83,0,0,0,0,0,0,0,98,0,0,65,0,0,0,0,0,0,89,0,0,0,0,0,0,0,0,0,0,0,0,0,0,0,0,0,0,0,78,0,0,67,0,0,0,0,0,0,0,0,0,0,79,60,0,0,0,68,0
75,99,100,92,94,60,58,83,82,81,76,95,96,87,70,88,0,0,0,82,0,0,96,0,0,32,0,0,0,0,0,0,0,0,0,0,0,0,0,0,0,76,0,0,0,0,0,26,0,0,0,0,0,0,0,42,87,0,94,0,0,0,0,32,0,0,0,58,0,0,0,0,62,0,0,0,94,0,60,0,0,0,0,0,0,75,0,100,0,0,0,0,95,78,0,0,0,0,88,0,0,96,0,0,0,0,0,99,58,2,0,0,0,83,0,0,0,0,0,0,0,0,0,0,0,0,0,0,0,0,0,0,0,0,0,0,0,0,0,0,0,0,81,0,0,0,0,0,96,0
90,65,96,77,96,95,96,95,96,0,0,0,0,0,0,0,0,0,0,0,66,0,0,14,0,0,0,0,0,0,0,0,0,74,0,0,0,0,0,0,0,0,0,0,0,0,14,0,0,0,0,0,0,0,0,0,0,0,0,0,0,0,0,0,0,0,0,0,38,0,0,0,0,0,0,0,4,0,0,90,0,77,0,0,0,0,65,0,0,0,0,0,0,0,0,0,0,0,0,0,0,0,0,0,0,58,0,0,0,0,0,0,0,0,0,0,0,0,0,0,0,0,0,84,0,0,0,0,0,0,0,0,0,0,0,0,0,0,0,0,0,0,2,0,0,0,0,0,0,0
97,92,79,63,94,97,71,76,97,52,59,88,0,0,0,0,0,0,0,0,0,0,0,0,0,79,0,0,0,0,0,0,0,0,0,0,0,100,0,0,36,64,94,0,0,0,0,0,59,0,0,0,0,0,63,0,0,0,0,0,76,0,0,0,0,0,0,0,0,0,0,0,98,0,0,0,0,0,0,97,78,0,0,0,0,0,0,52,0,0,0,0,0,26,0,0,0,0,0,0,0,88,0,0,0,0,0,0,34,0,0,0,0,0,0,12,0,0,0,50,0,0,0,0,0,0,8,0,0,60,0,71,0,0,0,0,0,0,0,0,0,0,0,0,0,0,76,26,0,0
91,66,95,89,90,71,0,0,0,0,0,0,0,0,0,0,0,0,0,0,0,0,0,0,0,0,95,0,0,0,0,62,0,0,71,0,91,0,0,0,0,0,0,0,0,0,0,0,0,0,0,0,0,0,66,0,0,0,0,0,0,0,0,0,0,0,0,0,56,0,0,0,0,0,0,0,0,0,0,0,0,0,0,90,0,0,0,0,0,0,0,89,0,0,0,0,0,0,0,62,0,0,0,0,0,0,0,0,0,0,0,0,0,0,0,0,0,0,0,0,0,0,0,0,0,0,0,0,0,0,0,0,0,0,0,0,0,0,0,0,0,0,38,0,0,0,0,0,0,0
70,71,87,69,51,70,93,79,51,0,0,0,0,0,0,0,0,0,69,0,93,0,0,0,0,0,0,0,0,0,0,0,0,0,0,0,0,0,0,0,0,0,0,0,0,0,70,0,0,0,0,0,0,0,0,51,0,0,0,0,0,51,0,0,0,0,0,0,0,0,0,71,0,0,0,0,60,0,0,0,0,0,0,70,0,0,87,0,0,0,0,30,0,0,0,0,66,0,0,0,79,0,0,0,0,0,0,0,0,0,76,0,0,48,0,0,0,0,76,0,0,0,38,0,0,0,0,0,0,0,0,0,0,0,0,0,0,0,0,0,0,0,0,0,0,0,0,0,0,0
51,70,86,73,59,59,94,0,0,0,0,0,0,0,0,0,0,0,0,0,0,0,0,0,16,0,0,0,51,0,0,0,0,0,0,78,0,0,0,0,0,0,0,0,0,84,0,0,0,0,0,0,0,0,73,0,0,0,0,0,0,86,0,0,0,94,0,0,0,0,0,0,0,0,0,0,0,0,0,0,0,0,0,0,0,0,0,0,0,0,0,0,0,0,0,0,0,0,0,0,0,0,0,0,0,0,0,0,0,0,0,0,0,70,0,0,0,0,0,0,24,0,92,0,0,0,0,0,0,0,0,0,0,0,12,0,0,0,0,0,0,0,0,86,0,0,0,0,0,0
95,55,94,84,86,78,84,0,0,0,0,0,0,0,0,0,0,84,0,0,0,0,0,0,79,0,98,0,0,0,0,0,0,44,0,0,0,0,0,12,0,0,0,0,0,0,0,0,0,0,0,0,0,0,0,0,0,0,0,0,0,0,0,6,0,0,0,0,0,0,0,0,0,0,0,0,0,0,0,0,0,0,0,0,0,0,0,88,0,0,0,0,0,0,46,0,60,0,50,0,0,0,0,0,0,0,0,0,0,0,0,0,0,55,0,0,0,0,0,94,0,0,0,0,0,0,0,0,0,0,0,0,0,0,0,78,0,0,0,0,0,0,0,0,0,0,0,0,0,0
71,70,59,54,90,78,78,90,98,0,0,66,0,0,0,0,0,0,0,0,0,0,0,0,0,0,0,0,0,0,0,90,0,0,71,100,0,0,0,0,0,48,0,0,0,0,0,0,0,0,0,0,0,0,0,0,0,0,0,0,0,0,0,0,0,0,0,0,0,0,0,0,0,0,0,0,54,0,0,59,0,0,0,0,0,0,0,0,0,0,0,98,0,0,90,0,0,0,0,0,0,0,70,20,0,0,0,0,0,0,0,0,0,0,0,0,0,0,0,0,0,0,0,0,0,0,0,0,0,0,0,0,0,0,0,0,0,0,0,0,0,0,0,0,0,0,0,0,0,0
95,88,90,85,92,100,66,0,0,0,0,0,0,0,0,66,0,0,0,0,0,0,0,76,0,0,0,0,0,0,0,0,0,0,0,0,0,0,0,0,0,0,0,0,0,0,0,0,0,0,0,0,0,0,0,0,0,0,0,0,0,90,0,0,0,0,0,0,0,0,0,0,0,0,0,0,0,0,0,0,0,0,0,0,0,0,0,0,0,88,0,0,0,0,0,95,0,88,0,0,0,0,0,0,0,0,0,0,0,0,0,90,0,0,0,0,60,0,0,0,0,0,0,0,100,0,0,0,0,0,0,0,0,0,0,0,0,0,0,0,0,0,85,0,0,0,0,0,0,0
92,69,99,82,82,71,79,65,67,88,66,65,0,0,0,0,0,0,0,0,0,0,0,0,0,0,0,0,0,16,0,0,0,0,0,0,0,0,0,0,0,0,0,0,0,0,0,0,0,0,0,0,0,0,0,0,0,92,0,0,0,66,0,69,0,65,0,0,0,0,0,79,0,0,0,0,0,0,0,0,0,0,0,0,0,65,0,0,0,0,0,0,0,0,0,0,0,0,0,0,0,0,0,0,0,0,0,0,0,0,0,0,0,0,0,99,71,67,0,0,0,0,0,0,0,0,0,0,0,0,0,0,0,0,0,88,0,0,0,0,0,0,0,14,0,0,0,0,0,0
99,88,89,88,75,52,69,52,52,0,0,0,0,0,0,0,0,0,0,0,0,52,0,0,60,0,0,0,0,0,0,0,0,0,0,0,0,0,0,80,0,0,0,0,0,0,0,0,46,0,0,0,0,0,0,52,0,0,0,0,0,0,0,0,6,0,0,88,0,0,0,69,0,0,0,0,0,0,75,0,0,0,0,0,0,0,0,0,0,99,89,0,86,0,0,0,20,0,0,0,0,0,0,0,0,0,0,0,0,0,0,80,0,0,0,0,0,0,0,0,0,0,0,0,0,0,0,0,0,0,0,0,0,0,0,46,0,0,0,0,0,0,0,0,0,0,0,0,0,0
77,60,90,85,59,63,83,88,63,91,90,0,0,91,0,0,0,0,0,0,0,0,0,0,68,0,0,0,30,0,0,0,0,0,0,0,0,0,0,76,0,0,0,0,0,0,0,0,0,0,0,14,0,2,0,0,59,0,0,0,0,0,0,0,0,0,0,0,0,0,0,0,0,0,0,0,0,0,60,0,0,0,0,0,0,0,0,0,0,83,0,0,0,0,0,0,0,0,0,0,0,0,92,0,0,82,0,0,0,0,0,0,0,0,0,0,0,0,77,0,0,0,0,0,0,0,0,0,0,0,0,0,0,0,0,0,0,85,0,0,0,0,0,88,0,0,0,0,0,0
99,99,98,76,72,97,66,97,83,96,85,83,0,0,0,0,0,0,85,0,30,76,44,0,0,0,0,0,0,0,0,0,0,0,0,0,0,0,0,0,0,0,0,0,0,0,0,0,0,0,0,0,0,0,0,0,0,0,0,0,0,0,0,0,0,0,0,0,0,0,0,0,72,0,0,0,0,0,0,0,0,0,0,76,0,78,97,0,0,0,0,0,0,0,0,0,0,0,0,0,0,0,0,0,0,0,0,0,0,0,0,0,0,0,0,0,0,74,0,0,0,0,0,0,0,0,0,0,0,0,0,0,0,0,0,0,86,0,0,0,67,0,0,0,0,20,0,0,0,0
65,65,76,60,79,72,70,93,63,70,46,83,75,70,85,0,0,0,0,0,0,0,0,0,93,0,0,0,2,0,0,0,0,0,0,0,0,0,0,0,0,0,0,0,0,0,63,0,0,84,83,85,0,0,70,0,0,0,0,79,0,0,0,0,0,65,0,0,0,0,72,0,0,0,0,0,0,26,0,72,0,0,0,0,0,2,0,0,0,0,0,0,0,0,60,0,0,0,0,0,0,0,0,0,0,0,0,0,0,0,0,0,0,0,0,0,0,0,65,0,0,0,0,0,0,0,0,0,0,0,0,0,0,0,0,0,0,70,75,0,86,38,0,0,0,0,0,0,0,0
99,75,83,94,72,100,72,57,58,83,72,46,0,0,0,0,0,0,0,0,0,0,72,0,0,0,58,0,0,0,0,0,0,0,0,0,0,0,0,0,0,100,0,0,0,83,0,0,0,0,0,0,0,72,0,0,0,0,0,0,0,0,0,0,0,0,0,0,0,0,0,0,0,0,0,0,0,50,0,0,83,0,0,0,0,0,0,0,0,0,0,0,0,0,0,0,0,0,0,0,0,0,0,0,0,0,0,0,94,0,0,0,0,99,57,0,0,0,0,0,0,0,0,0,0,0,75,0,0,0,0,14,0,0,0,0,42,0,0,0,24,0,0,0,0,0,0,0,0,0
62,75,51,63,79,53,78,66,77,53,51,77,55,91,0,0,0,0,0,0,0,0,0,0,0,0,8,0,0,0,0,0,0,0,0,0,84,79,0,0,51,0,0,0,0,0,63,0,0,0,0,0,0,100,0,0,0,0,0,0,0,0,0,75,0,0,0,0,0,0,0,0,0,0,0,0,0,0,0,0,0,0,0,0,0,0,0,0,0,82,62,14,66,0,78,0,0,0,0,0,0,20,0,0,0,0,0,0,78,0,0,96,91,0,0,0,0,32,0,51,0,0,0,55,0,94,0,0,0,0,0,0,0,0,0,0,0,0,0,0,0,0,0,0,0,0,0,0,0,0
98,62,80,84,83,94,75,64,100,51,98,91,0,0,0,0,0,0,0,0,0,91,0,98,0,0,0,0,0,0,0,0,0,0,0,0,0,0,0,75,0,0,0,0,0,0,0,0,0,0,0,0,0,0,0,0,0,94,0,0,0,0,0,0,0,0,8,0,0,0,50,0,0,80,46,0,2,0,0,0,28,0,0,0,0,0,0,0,0,0,0,0,0,0,0,0,0,0,0,0,0,0,0,0,0,0,0,0,0,0,62,0,0,64,0,0,0,0,0,0,0,0,0,0,0,0,0,0,0,0,0,0,78,0,0,100,0,0,0,0,0,0,83,51,0,0,0,0,0,0
58,91,73,91,77,87,94,61,60,61,86,86,0,0,0,0,0,0,0,0,50,87,0,0,0,0,0,0,0,0,0,0,0,0,0,0,0,0,0,86,0,0,0,0,0,0,0,0,0,0,0,0,0,0,0,0,0,94,0,0,0,0,0,0,0,0,0,0,0,26,0,0,0,0,0,0,0,0,0,0,0,58,0,0,0,0,0,0,0,0,0,0,0,0,0,0,0,0,0,0,0,0,0,0,0,0,0,0,0,0,0,0,76,42,0,0,0,77,0,0,0,0,0,0,0,0,0,0,0,86,0,0,0,0,0,0,0,0,0,0,0,0,0,0,73,60,0,0,0,0
66,100,81,0,0,0,18,0,78,0,0,0,0,0,0,0,0,0,0,0,0,82,0,0,0,0,0,0,0,0,0,0,0,0,0,0,0,0,0,0,0,0,0,0,0,0,0,0,0,0,0,0,0,0,10,0,0,0,0,0,0,52,0,0,0,0,0,0,0,0,0,0,0,0,0,0,0,0,0,0,0,0,0,36,0,66,0,0,0,0,0,0,0,0,0,0,0,0,0,0,0,0,0,0,0,0,0,0,10,0,0,0,0,0,0,0,0,0,0,0,0,0,0,81,0,0,0,0,0,0,0,0,0,0,0,0,0,0,0,0,0,0,0,0,0,0,0,0,0,0
71,96,84,51,87,67,98,80,89,83,82,60,53,56,0,0,0,83,0,60,0,0,0,0,0,0,0,0,0,0,0,0,0,0,0,0,0,0,48,0,0,0,0,0,96,0,0,0,0,0,87,0,80,51,0,0,0,0,0,0,0,0,2,26,0,53,89,0,0,0,0,0,0,0,0,0,0,0,0,56,0,0,0,0,0,0,0,26,82,0,0,0,0,0,0,0,0,0,0,0,10,0,0,0,0,0,0,0,0,0,0,0,0,84,0,0,0,0,0,0,0,0,0,0,0,0,0,0,0,71,0,0,0,0,0,0,0,0,0,0,0,0,0,0,0,67,0,0,0,0
79,67,56,99,92,88,0,0,0,0,0,0,0,0,0,0,88,0,0,80,0,0,0,0,0,0,0,0,0,0,0,0,0,0,0,99,0,0,0,0,0,0,22,0,0,0,0,0,0,74,0,0,0,0,0,56,0,0,0,42,0,0,64,0,0,0,0,0,0,78,0,0,0,0,0,74,62,0,0,79,0,0,0,0,0,0,0,0,0,0,0,0,0,0,0,0,0,0,0,0,0,0,0,0,0,0,0,0,0,0,22,0,0,0,0,92,0,0,0,0,0,0,0,0,67,0,0,0,0,0,0,0,60,0,0,0,0,0,0,0,66,0,0,0,0,0,0,0,0,0
71,53,54,91,68,97,91,84,85,71,67,96,68,98,96,97,94,0,0,0,0,46,58,0,4,0,0,0,0,0,0,0,0,0,0,0,0,14,0,96,0,0,0,53,0,0,0,0,0,0,0,54,0,0,0,94,0,0,0,0,0,0,0,0,0,0,0,100,0,0,0,0,0,0,0,0,0,0,0,0,0,0,44,0,0,0,0,0,0,0,0,0,0,0,0,67,0,0,85,0,0,0,44,0,0,0,0,0,0,0,0,0,30,0,0,0,0,0,0,0,0,0,0,0,0,97,14,0,0,0,0,0,97,0,0,0,0,0,0,0,0,0,0,0,0,0,0,0,0,0
82,54,67,67,82,60,74,88,75,70,88,54,0,0,0,0,0,88,0,0,0,0,0,0,0,0,0,0,0,0,0,0,0,0,0,0,0,44,0,0,0,0,0,0,0,0,0,0,0,0,0,0,0,0,67,0,0,0,0,0,0,0,0,0,0,38,0,0,74,0,0,0,0,0,0,0,0,0,0,30,0,75,0,0,0,0,0,0,54,0,54,0,0,67,0,0,0,0,0,0,0,0,70,0,0,0,0,0,60,0,0,0,0,48,0,0,0,0,0,0,0,0,0,0,0,0,0,0,0,74,0,0,0,0,84,0,0,0,0,0,0,0,0,0,0,0,0,0,0,0
98,86,83,86,0,0,0,0,0,0,0,0,0,0,0,0,0,0,0,0,0,0,0,0,0,0,0,0,0,0,98,0,0,0,0,0,0,0,0,54,0,0,0,0,100,0,88,0,0,86,0,0,0,24,0,0,0,0,0,0,0,0,0,0,0,0,0,0,0,0,0,0,0,0,0,0,0,0,0,0,0,0,0,74,0,0,0,0,0,0,0,0,0,0,0,0,0,0,0,0,0,0,0,0,0,0,0,0,0,0,0,8,0,0,0,0,0,0,0,0,0,0,74,0,0,0,0,0,0,0,83,0,0,86,0,0,0,0,0,0,0,0,0,0,0,0,0,0,0,0
86,88,52,64,75,51,64,57,98,88,66,69,0,0,0,0,32,0,0,0,22,0,84,0,0,0,0,0,12,69,0,0,0,0,0,0,0,0,0,0,0,0,0,0,0,0,0,0,0,0,0,0,51,0,0,0,46,0,86,0,0,52,0,0,0,0,90,0,0,0,0,0,0,0,0,60,0,0,0,0,0,0,0,0,0,0,57,0,42,0,0,0,0,75,0,0,0,0,0,0,0,0,0,0,0,0,0,0,0,0,0,0,0,14,0,0,0,0,0,0,62,0,0,66,0,0,0,0,0,0,0,0,0,0,0,0,0,0,0,0,0,0,0,0,0,0,0,0,0,0
87,70,74,77,98,97,86,42,0,0,0,0,0,0,0,0,0,0,0,0,55,0,0,0,0,0,56,0,0,0,0,0,0,0,0,0,0,0,0,0,0,0,0,0,0,0,0,0,0,0,0,0,55,64,0,0,0,86,0,0,77,0,0,0,0,0,0,0,0,0,0,83,0,0,74,0,0,0,0,0,0,0,0,48,0,0,0,0,0,0,0,0,0,0,4,0,0,0,0,0,26,0,0,0,0,0,0,0,0,0,0,0,87,0,0,0,0,0,0,0,0,0,0,0,0,0,0,0,0,0,0,0,0,0,0,0,0,0,0,0,0,0,0,0,0,0,0,0,0,0
84,94,73,51,0,0,0,0,0,0,0,0,0,0,0,0,0,0,0,0,0,0,0,0,0,0,0,0,0,0,0,94,0,0,0,0,0,0,0,0,0,0,0,0,0,0,0,0,0,51,0,0,0,0,0,0,70,0,0,0,0,0,0,0,0,0,0,0,0,0,0,84,0,0,0,0,0,0,0,0,0,0,0,0,0,0,0,0,0,0,0,0,0,0,0,0,0,0,0,0,0,0,0,0,0,0,0,0,0,0,0,0,55,0,0,0,0,0,0,0,0,0,0,0,0,0,0,0,0,0,0,0,0,0,0,0,0,0,88,0,0,0,38,0,0,0,0,0,0,0
65,60,72,99,92,66,98,65,80,0,99,0,0,0,0,0,0,0,50,0,0,0,0,0,0,0,65,0,0,0,0,0,0,0,0,0,38,0,0,66,0,0,0,0,0,0,0,0,0,0,0,0,0,0,0,0,0,0,0,0,0,0,0,0,0,0,0,0,0,62,80,0,0,0,0,0,0,0,0,0,0,0,0,0,0,0,0,0,0,0,0,0,0,0,0,0,0,0,0,0,0,0,0,0,0,0,72,0,0,0,0,0,0,0,0,0,0,0,0,92,0,65,0,60,0,0,0,0,0,0,0,0,0,0,0,0,0,98,0,0,0,0,0,0,0,0,12,0,0,0
62,73,95,73,73,99,62,100,80,55,83,0,0,0,0,38,0,0,0,0,0,0,0,0,73,0,0,76,0,0,0,0,0,0,0,80,0,0,0,100,0,0,0,0,0,0,0,0,0,0,12,0,0,0,0,0,0,0,0,0,0,0,0,0,0,0,0,0,0,0,0,0,0,0,0,0,0,0,0,0,0,0,18,0,0,0,0,0,79,0,99,0,0,62,0,0,0,0,0,0,0,0,0,0,0,30,0,26,0,0,88,0,83,0,0,0,0,0,0,0,22,0,0,0,0,0,0,0,0,0,0,0,0,0,0,0,0,0,0,0,0,0,55,0,60,0,0,0,0,0
